Assembly_ID,Accession_Name,Accession_ID,Accession_alias,Original_Assembly_ID,Version,QC_pipeline,Final_assembly,TMP_comments,CSnumber,Latitude,Longitude,Altitude,Gaps,Sum,Largest,Pangenome_reference,Primary_Sequencing_Technology,Assembler,Individual_or_pool,Latest_released_Year,Published,Publication_First_author,Publication_year,Publication_Journal,Publication_DOI,Publication_URL,Best_unique_assembly
100000,Col-0,6909,TAIR10,,1.0,,False,,,,,,165.0,,,no,,,Pool,,yes,,,,,,0.0
100001,Col-0,6909,TAIR12 version 1,100001.0,1.0,,False,,,,,,0.0,,,no,HiFi,,Pool,2023.0,no,TAIR,,unpublished,,,0.0
100002,Col-0,6909,TAIR12 version 2,100001.0,2.0,,True,,,,,,0.0,,,yes,HiFi,,Pool,2023.0,no,TAIR,,unpublished,,,1.0
100003,Ler-0,7213,,,,,False,Not avaiable,,,,,,,,no,RS II,,,,yes,Berlin,2015.0,NatBiotechnol,10.1038/nbt.3238,https://www.nature.com/articles/nbt.3238,
100004,F1 (Col-0/Cvi-0),6909/6911,,,,,,,,,,,,,,no,,,,,yes,Chin,2016.0,NatMethods,10.1038/nmeth.4035,https://www.nature.com/articles/nmeth.4035,
100005,Ler-0,7213,,,1.0,,False,,,,,,425.0,,,no,RS II,,Pool,2016.0,yes,Zapata,2016.0,PNAS,10.1073/pnas.1607532113,https://www.pnas.org/doi/full/10.1073/pnas.1607532113,
100006,KBS-Mac-74,1741,,,,,False,Not avaiable,,42.405,-85.398,,,,,no,CLR,,,2018.0,yes,Michael,2018.0,NatCommun,10.1038/s41467-018-03016-2,https://www.nature.com/articles/s41467-018-03016-2,
100007,KBS-Mac-74,1741,,,,,False,Not avaiable,,42.405,-85.398,,,,,no,ONT,miniasm,,2018.0,yes,Michael,2018.0,NatCommun,10.1038/s41467-018-03016-2,https://www.nature.com/articles/s41467-018-03016-2,
100008,Nd-1,6942,,,1.0,,,,,,,,64.0,,,no,RS II,Canu_v1.4,Pool,2019.0,yes,Pucker,2019.0,PLoSOne,10.1371/journal.pone.0216233,https://journals.plos.org/plosone/article?id=10.1371/journal.pone.0216233,
100009,Ler-0,7213,,100009.0,1.0,,False,,,,,,61.0,,,no,CLR,Falcon,Pool,2019.0,yes,Goel,2019.0,GenomeBiol,10.1186/s13059-019-1911-0,https://genomebiology.biomedcentral.com/articles/10.1186/s13059-019-1911-0,
100010,Ler-0,7213,,100009.0,2.0,,False,deep,,,,,44.0,,,no,CLR,Falcon,Pool,2019.0,yes,Jiao,2020.0,NatCommun,10.1038/s41467-020-14779-y,https://www.nature.com/articles/s41467-020-14779-y,
100011,An-1,6898,,,1.0,,,,,,,,40.0,,,no,CLR,Falcon,Pool,2020.0,yes,Jiao,2020.0,NatCommun,10.1038/s41467-020-14779-y,https://www.nature.com/articles/s41467-020-14779-y,
100012,C24,6906,,,1.0,,,,,,,,68.0,,,no,CLR,Falcon,Pool,2020.0,yes,Jiao,2020.0,NatCommun,10.1038/s41467-020-14779-y,https://www.nature.com/articles/s41467-020-14779-y,
100013,Cvi-0,6911,,,1.0,,,,,,,,38.0,,,no,CLR,Falcon,Pool,2019.0,yes,Jiao,2020.0,NatCommun,10.1038/s41467-020-14779-y,https://www.nature.com/articles/s41467-020-14779-y,
100014,Eri-1,7124,,,1.0,,,,,,,,58.0,,,no,CLR,Falcon,Pool,2019.0,yes,Jiao,2020.0,NatCommun,10.1038/s41467-020-14779-y,https://www.nature.com/articles/s41467-020-14779-y,
100015,Kyoto,7207,,,1.0,,,,,,,,46.0,,,no,CLR,Falcon,Pool,2019.0,yes,Jiao,2020.0,NatCommun,10.1038/s41467-020-14779-y,https://www.nature.com/articles/s41467-020-14779-y,
100016,Shahdara,6962,,,1.0,,,,,,,,49.0,,,no,CLR,Falcon,Pool,2019.0,yes,Jiao,2020.0,NatCommun,10.1038/s41467-020-14779-y,https://www.nature.com/articles/s41467-020-14779-y,
100017,Cdm-0,9943,,,1.0,,False,,CS76410,39.73,-5.74,,83.0,,,no,CLR,Canu_v1.71,Pool,2020.0,yes,Barragan,2020.0,MolBiolEvol,10.1093/molbev/msaa245,https://academic.oup.com/mbe/article/38/2/557/5910554?login=true,
100018,Ler-0,7213,,,1.0,,,,,,,,15.0,,,no,CLR,,Pool,2020.0,yes,Kubica,,released,,,
100019,Kn-0,7186,,,1.0,,False,,,54.8969,23.8924,,25.0,,,no,CLR,,Pool,2020.0,yes,Kubica,,released,,,
100020,Cvi-0,6911,,,,,False,Not avaiable,,15.1111,-23.6167,,,,,no,CLR,,,2020.0,yes,Kubica,,released,,,
100021,Ty-1,5784,,,1.0,,,,,56.4,-5.2,,21.0,,,no,CLR,,Pool,2020.0,yes,Kubica,,released,,,
100022,KBS-Mac-74,1741,,,1.0,,,,,42.405,-85.398,,12.0,,,no,CLR,,Pool,2020.0,yes,Kubica,,released,,,
100023,Col-0,6909,,,1.0,,False,,,38.3,-92.3,,23.0,,,no,CLR,,Pool,2020.0,yes,Kubica,,released,,,
100024,Col-0,6909,Col-CEN,,1.0,,False,,,,,,0.0,,,no,ONT-HiFI,Flye_v2.7,Pool,2021.0,yes,Naish,2021.0,Science,10.1126/science.abi7489,https://www.science.org/doi/10.1126/science.abi7489,
100025,Col-0,6909,Col-XJTU,,1.0,,False,,,,,,2.0,,,no,ONT-HiFi,NextDenovo_v.2.0_hifiasm_v.0.14-r312,Pool,2021.0,yes,Wang,2022.0,GenomicsProteomicsBioinformatics,10.1016/j.gpb.2021.08.003,https://academic.oup.com/gpb/article/20/1/4/7230403?login=true,
100026,Col-0,6909,Col-PEK,100026.0,1.0,,False,,,,,,0.0,,,no,ONT-HiFi,NextDenovo_v2.3.1_HiFiasm_v0.16.1-r375,Pool,2021.0,yes,Hou,2022.0,MolPlant,10.1016/j.molp.2022.05.014,https://www.sciencedirect.com/science/article/pii/S1674205222001812?via%3Dihub,
100027,Col-0,6909,Col-PEK,100026.0,2.0,,False,,,,,,5.0,,,no,ONT-HiFi,NextDenovo_v2.3.1_HiFiasm_v0.16.1-r375,Pool,2023.0,yes,Hou,2022.0,MolPlant,10.1016/j.molp.2022.05.014,https://www.sciencedirect.com/science/article/pii/S1674205222001812?via%3Dihub,
100028,Ey15-2,9994,,,1.0,,,,,,,,,,,no,CLR,Canu_v2.0,Pool,2024.0,yes,Rabanal,2022.0,NucleicAcidsRes,10.1093/nar/gkac1115,https://doi.org/10.1093/nar/gkac1115,
100029,Ey15-2,9994,,,1.0,,,,CS76399,,,,1.0,,,yes,HiFi,hifiasm_v0.13-r308,Pool,2022.0,yes,Rabanal,2022.0,NucleicAcidsRes,10.1093/nar/gkac1115,https://doi.org/10.1093/nar/gkac1115,
100030,Col-0,6909,,,1.0,,False,,CS76778,,,,9.0,,,no,HiFi,hifiasm_v0.16.1-r375,Individual,2022.0,yes,Rabanal,2022.0,NucleicAcidsRes,10.1093/nar/gkac1115,https://doi.org/10.1093/nar/gkac1115,
100031,Kew-1,22008,,,1.0,,,,,51.4819,-0.2887,,37.0,,,no,HiFi,hifiasm_v0.15.3,Individual,2022.0,yes,Christenhusz,2023.0,WellcomeOpenRes,10.12688/wellcomeopenres.18665.1,https://wellcomeopenresearch.org/articles/8-40/v1,
100032,Ws-2,6981,,,1.0,,,Not avaiable,,,,,,,,no,CLR,auto-asm,Pool,,yes,Wibowo,2022.0,PLoSGenet,10.1371/journal.pgen.1010479,https://journals.plos.org/plosgenetics/article?id=10.1371/journal.pgen.1010479,
100033,Fjä2-4,6021,,,1.0,,,,,,,,137.0,,,no,CLR,Canu_v1.7.1,Pool,2022.0,yes,Jaegle,2023.0,GenomeBiol,10.1186/s13059-023-02875-3,https://genomebiology.biomedcentral.com/articles/10.1186/s13059-023-02875-3,
100034,Fly2-2,6024,,100034.0,1.0,,False,,,,,,111.0,,,no,CLR,Canu_v1.7.1,Pool,2022.0,yes,Jaegle,2023.0,GenomeBiol,10.1186/s13059-023-02875-3,https://genomebiology.biomedcentral.com/articles/10.1186/s13059-023-02875-3,
100035,Kor 3,9412,,,1.0,,,,,,,,134.0,,,no,CLR,Canu_v1.7.1,Pool,2022.0,yes,Jaegle,2023.0,GenomeBiol,10.1186/s13059-023-02875-3,https://genomebiology.biomedcentral.com/articles/10.1186/s13059-023-02875-3,
100036,Tur-4,9470,,,1.0,,,,,,,,140.0,,,no,CLR,Canu_v1.7.1,Pool,2022.0,yes,Jaegle,2023.0,GenomeBiol,10.1186/s13059-023-02875-3,https://genomebiology.biomedcentral.com/articles/10.1186/s13059-023-02875-3,
100037,Tos-82-387,1254,,,1.0,,,,,,,,118.0,,,no,CLR,Canu_v1.7.1,Pool,2022.0,yes,Jaegle,2023.0,GenomeBiol,10.1186/s13059-023-02875-3,https://genomebiology.biomedcentral.com/articles/10.1186/s13059-023-02875-3,
100038,Dör-10,5856,,,1.0,,,,,,,,188.0,,,no,CLR,Canu_v1.7.1,Pool,2022.0,yes,Jaegle,2023.0,GenomeBiol,10.1186/s13059-023-02875-3,https://genomebiology.biomedcentral.com/articles/10.1186/s13059-023-02875-3,
100039,Rabacal-1,22005,,,1.0,,True,,CS2107642,,,,1.0,,,yes,HiFi,hifiasm_v0.16.1-r375,Individual,2023.0,yes,Wlodzimierz,2023.0,Nature,10.1038/s41586-023-06062-z,https://www.nature.com/articles/s41586-023-06062-z,
100040,Tanz-1,100002,,,1.0,,True,,CS77369,,,,0.0,,,yes,HiFi,hifiasm_v0.16.1-r375,Individual,2023.0,yes,Wlodzimierz,2023.0,Nature,10.1038/s41586-023-06062-z,https://www.nature.com/articles/s41586-023-06062-z,
100041,Ler-0,7213,,,1.0,,,,CS77020,,,,6.0,,,no,HiFi,hifiasm_v0.16.1-r375,Individual,2023.0,yes,Wlodzimierz,2023.0,Nature,10.1038/s41586-023-06062-z,https://www.nature.com/articles/s41586-023-06062-z,
100042,Cvi-0,6911,,,1.0,,,,CS76789,,,,2.0,,,yes,HiFi,hifiasm_v0.16.1-r375,Individual,2023.0,yes,Wlodzimierz,2023.0,Nature,10.1038/s41586-023-06062-z,https://www.nature.com/articles/s41586-023-06062-z,
100043,BRI-2,9910,,,1.0,,,,,,,,16.0,,,no,HiFi,hifiasm_v0.15.4,Pool,2023.0,yes,Wlodzimierz,2023.0,Nature,10.1038/s41586-023-06062-z,https://www.nature.com/articles/s41586-023-06062-z,
100044,Bön 1,9336,,,1.0,,,,CS76715,,,,12.0,,,yes,HiFi,hifiasm_v0.15.4,Pool,2023.0,yes,Wlodzimierz,2023.0,Nature,10.1038/s41586-023-06062-z,https://www.nature.com/articles/s41586-023-06062-z,
100045,DraIII-1,8285,,,1.0,,,,CS76815,,,,18.0,,,no,HiFi,hifiasm_v0.15.4,Pool,2023.0,yes,Wlodzimierz,2023.0,Nature,10.1038/s41586-023-06062-z,https://www.nature.com/articles/s41586-023-06062-z,
100046,Etna-2,9762,,,1.0,,,,CS76487,,,,25.0,,,no,HiFi,hifiasm_v0.15.4,Pool,2023.0,yes,Wlodzimierz,2023.0,Nature,10.1038/s41586-023-06062-z,https://www.nature.com/articles/s41586-023-06062-z,
100047,Gel-1,7143,,,1.0,,,,CS76492,,,,11.0,,,yes,HiFi,hifiasm_v0.15.4,Pool,2023.0,yes,Wlodzimierz,2023.0,Nature,10.1038/s41586-023-06062-z,https://www.nature.com/articles/s41586-023-06062-z,
100048,HR-10,6923,,,1.0,,,,CS76940,,,,17.0,,,no,HiFi,hifiasm_v0.15.4,Pool,2023.0,yes,Wlodzimierz,2023.0,Nature,10.1038/s41586-023-06062-z,https://www.nature.com/articles/s41586-023-06062-z,
100049,Iasi-1,9744,,,1.0,,,,CS76944,,,,15.0,,,yes,HiFi,hifiasm_v0.15.4,Pool,2023.0,yes,Wlodzimierz,2023.0,Nature,10.1038/s41586-023-06062-z,https://www.nature.com/articles/s41586-023-06062-z,
100050,IP-Bus-0,9830,,,1.0,,,,CS76736,,,,11.0,,,no,HiFi,hifiasm_v0.15.4,Pool,2023.0,yes,Wlodzimierz,2023.0,Nature,10.1038/s41586-023-06062-z,https://www.nature.com/articles/s41586-023-06062-z,
100051,IP-Fel-2,9847,,,1.0,,,,CS76854,,,,19.0,,,yes,HiFi,hifiasm_v0.15.4,Pool,2023.0,yes,Wlodzimierz,2023.0,Nature,10.1038/s41586-023-06062-z,https://www.nature.com/articles/s41586-023-06062-z,
100052,IP-Ini-0,9852,,,1.0,,,,CS76945,,,,11.0,,,yes,HiFi,hifiasm_v0.15.4,Pool,2023.0,yes,Wlodzimierz,2023.0,Nature,10.1038/s41586-023-06062-z,https://www.nature.com/articles/s41586-023-06062-z,
100053,IP-Per-0,9879,,100319.0,2.0,,There is an ONT that looks better,,CS77169,,,,29.0,,,no,HiFi,hifiasm_v0.15.4,Pool,2023.0,yes,Wlodzimierz,2023.0,Nature,10.1038/s41586-023-06062-z,https://www.nature.com/articles/s41586-023-06062-z,
100054,IP-Piq-0,9883,,,1.0,,,,CS77179,,,,16.0,,,no,HiFi,hifiasm_v0.15.4,Pool,2023.0,yes,Wlodzimierz,2023.0,Nature,10.1038/s41586-023-06062-z,https://www.nature.com/articles/s41586-023-06062-z,
100055,IP-Tri-0,9900,,,1.0,,,,CS77386,,,,13.0,,,yes,HiFi,hifiasm_v0.15.4,Pool,2023.0,yes,Wlodzimierz,2023.0,Nature,10.1038/s41586-023-06062-z,https://www.nature.com/articles/s41586-023-06062-z,
100056,Ru-2,9806,,,1.0,,,,CS77223,,,,15.0,,,yes,HiFi,hifiasm_v0.15.4,Pool,2023.0,yes,Wlodzimierz,2023.0,Nature,10.1038/s41586-023-06062-z,https://www.nature.com/articles/s41586-023-06062-z,
100057,Hov1-10,6035,,,1.0,,,,,,,,7.0,,,yes,HiFi,hifiasm_v0.16.1-r375,Pool,2023.0,yes,Wlodzimierz,2023.0,Nature,10.1038/s41586-023-06062-z,https://www.nature.com/articles/s41586-023-06062-z,
100058,ANGE-B-10,22009,,,1.0,,,,,43.91214,1.656855,168.0,8.0,,,yes,HiFi,hifiasm_v0.16.1-r375,Pool,2023.0,yes,Wlodzimierz,2023.0,Nature,10.1038/s41586-023-06062-z,https://www.nature.com/articles/s41586-023-06062-z,
100059,ANGE-B-2,22010,,,1.0,,,,,43.91214,1.656855,168.0,5.0,,,yes,HiFi,hifiasm_v0.16.1-r375,Pool,2023.0,yes,Wlodzimierz,2023.0,Nature,10.1038/s41586-023-06062-z,https://www.nature.com/articles/s41586-023-06062-z,
100060,AUZE-A-11,22011,,,1.0,,,,,43.527792,1.491628,200.0,9.0,,,yes,HiFi,hifiasm_v0.16.1-r375,Pool,2024.0,no,Duflos,,unpublished,,,
100061,AUZE-A-5,22012,,,1.0,,,,,43.527792,1.491628,200.0,9.0,,,yes,HiFi,hifiasm_v0.16.1-r375,Pool,2023.0,yes,Wlodzimierz,2023.0,Nature,10.1038/s41586-023-06062-z,https://www.nature.com/articles/s41586-023-06062-z,
100062,BANI-C-1,22013,,,1.0,,,,,43.043644,0.234303,487.0,12.0,,,yes,HiFi,hifiasm_v0.16.1-r375,Pool,2023.0,yes,Wlodzimierz,2023.0,Nature,10.1038/s41586-023-06062-z,https://www.nature.com/articles/s41586-023-06062-z,
100063,BANI-C-12,22014,,,1.0,,,,,43.043644,0.234303,487.0,3.0,,,yes,HiFi,hifiasm_v0.16.1-r375,Pool,2023.0,yes,Wlodzimierz,2023.0,Nature,10.1038/s41586-023-06062-z,https://www.nature.com/articles/s41586-023-06062-z,
100064,BARA-C-3,22015,,,1.0,,,,,44.270842,2.427551,756.0,8.0,,,yes,HiFi,hifiasm_v0.16.1-r375,Pool,2023.0,yes,Wlodzimierz,2023.0,Nature,10.1038/s41586-023-06062-z,https://www.nature.com/articles/s41586-023-06062-z,
100065,BARA-C-5,22016,,,1.0,,,,,44.270842,2.427551,756.0,2.0,,,yes,HiFi,hifiasm_v0.16.1-r375,Pool,2023.0,yes,Wlodzimierz,2023.0,Nature,10.1038/s41586-023-06062-z,https://www.nature.com/articles/s41586-023-06062-z,
100066,BARC-A-12,22017,,,1.0,,,,,43.362044,0.387723,218.0,17.0,,,no,HiFi,hifiasm_v0.16.1-r375,Pool,2023.0,yes,Wlodzimierz,2023.0,Nature,10.1038/s41586-023-06062-z,https://www.nature.com/articles/s41586-023-06062-z,
100067,BARC-A-17,22018,,,1.0,,,,,43.362044,0.387723,218.0,9.0,,,yes,HiFi,hifiasm_v0.16.1-r375,Pool,2023.0,yes,Wlodzimierz,2023.0,Nature,10.1038/s41586-023-06062-z,https://www.nature.com/articles/s41586-023-06062-z,
100068,BELC-C-10,22019,,,1.0,,,,,44.389212,2.336636,453.0,5.0,,,yes,HiFi,hifiasm_v0.16.1-r375,Pool,2023.0,yes,Wlodzimierz,2023.0,Nature,10.1038/s41586-023-06062-z,https://www.nature.com/articles/s41586-023-06062-z,
100069,BELC-C-12,22020,,,1.0,,,,,44.389212,2.336636,453.0,7.0,,,yes,HiFi,hifiasm_v0.16.1-r375,Pool,2023.0,yes,Wlodzimierz,2023.0,Nature,10.1038/s41586-023-06062-z,https://www.nature.com/articles/s41586-023-06062-z,
100070,BELL-A-1,22021,,,1.0,,,,,43.790307,1.106456,229.0,13.0,,,yes,HiFi,hifiasm_v0.16.1-r375,Pool,2024.0,no,Duflos,,unpublished,,,
100071,BELL-A-7,22022,,,1.0,,,,,43.790307,1.106456,229.0,11.0,,,yes,HiFi,hifiasm_v0.16.1-r375,Pool,2024.0,no,Duflos,,unpublished,,,
100072,BOULO-A-1,22023,,,1.0,,,,,43.28908,0.639795,339.0,11.0,,,no,HiFi,hifiasm_v0.16.1-r375,Pool,2024.0,no,Duflos,,unpublished,,,
100073,BOULO-A-16,22024,,,1.0,,,,,43.28908,0.639795,339.0,13.0,,,yes,HiFi,hifiasm_v0.16.1-r375,Pool,2024.0,no,Duflos,,unpublished,,,
100074,BROU-A-10,22025,,,1.0,,,,,43.999349,2.621684,281.0,1.0,,,yes,HiFi,hifiasm_v0.16.1-r375,Pool,2023.0,yes,Wlodzimierz,2023.0,Nature,10.1038/s41586-023-06062-z,https://www.nature.com/articles/s41586-023-06062-z,
100075,BROU-A-2,22026,,,1.0,,,,,43.999349,2.621684,281.0,13.0,,,yes,HiFi,hifiasm_v0.16.1-r375,Pool,2024.0,no,Duflos,,unpublished,,,
100076,CAMA-C-2,22027,,,1.0,,,,,43.824878,2.881661,397.0,8.0,,,yes,HiFi,hifiasm_v0.16.1-r375,Pool,2023.0,yes,Wlodzimierz,2023.0,Nature,10.1038/s41586-023-06062-z,https://www.nature.com/articles/s41586-023-06062-z,
100077,CAMA-C-9,22028,,,1.0,,,,,43.824878,2.881661,397.0,13.0,,,yes,HiFi,hifiasm_v0.16.1-r375,Pool,2023.0,yes,Wlodzimierz,2023.0,Nature,10.1038/s41586-023-06062-z,https://www.nature.com/articles/s41586-023-06062-z,
100078,CARL-A-10,22029,,,1.0,,,,,43.151102,1.3923,385.0,7.0,,,no,HiFi,hifiasm_v0.16.1-r375,Pool,2024.0,no,Duflos,,unpublished,,,
100079,CARL-A-16,22030,,,1.0,,,,,43.151102,1.3923,385.0,7.0,,,yes,HiFi,hifiasm_v0.16.1-r375,Pool,2024.0,no,Duflos,,unpublished,,,
100080,FERR-A-12,22031,,,1.0,,,,,43.657743,2.44371,541.0,6.0,,,yes,HiFi,hifiasm_v0.16.1-r375,Pool,2023.0,yes,Wlodzimierz,2023.0,Nature,10.1038/s41586-023-06062-z,https://www.nature.com/articles/s41586-023-06062-z,
100081,FERR-A-8,22032,,,1.0,,,,,43.657743,2.44371,541.0,9.0,,,yes,HiFi,hifiasm_v0.16.1-r375,Pool,2023.0,yes,Wlodzimierz,2023.0,Nature,10.1038/s41586-023-06062-z,https://www.nature.com/articles/s41586-023-06062-z,
100082,GAIL-B-11,22033,,,1.0,,,,,43.909032,1.901077,144.0,7.0,,,yes,HiFi,hifiasm_v0.16.1-r375,Pool,2023.0,yes,Wlodzimierz,2023.0,Nature,10.1038/s41586-023-06062-z,https://www.nature.com/articles/s41586-023-06062-z,
100083,GAIL-B-9,22034,,,1.0,,,,,43.909032,1.901077,144.0,14.0,,,yes,HiFi,hifiasm_v0.16.1-r375,Pool,2024.0,no,Duflos,,unpublished,,,
100084,JUZE-A-2,22035,,,1.0,,,,,43.448838,1.79053,235.0,10.0,,,no,HiFi,hifiasm_v0.16.1-r375,Pool,2024.0,no,Duflos,,unpublished,,,
100085,JUZE-A-3,22036,,,1.0,,,,,43.448838,1.79053,235.0,4.0,,,yes,HiFi,hifiasm_v0.16.1-r375,Pool,2024.0,no,Duflos,,unpublished,,,
100086,LACR-C-14,22037,,,1.0,,,,,43.000155,1.075624,493.0,7.0,,,yes,HiFi,hifiasm_v0.16.1-r375,Pool,2023.0,yes,Wlodzimierz,2023.0,Nature,10.1038/s41586-023-06062-z,https://www.nature.com/articles/s41586-023-06062-z,
100087,LACR-C-4,22038,,,1.0,,,,,43.000155,1.075624,493.0,6.0,,,yes,HiFi,hifiasm_v0.16.1-r375,Pool,2024.0,no,Duflos,,unpublished,,,
100088,LANT-B-1,22039,,,1.0,,,,,43.564943,1.65239,246.0,4.0,,,yes,HiFi,hifiasm_v0.16.1-r375,Individual,2024.0,no,Duflos,,unpublished,,,
100089,LANT-B-10,22040,,,1.0,,,,,43.564943,1.65239,246.0,5.0,,,yes,HiFi,hifiasm_v0.16.1-r375,Individual,2024.0,no,Duflos,,unpublished,,,
100090,LUZE-A-12,22041,,,1.0,,,,,42.764683,1.752959,584.0,8.0,,,no,HiFi,hifiasm_v0.16.1-r375,Pool,2024.0,no,Duflos,,unpublished,,,
100091,LUZE-A-14,22042,,,1.0,,,,,42.764683,1.752959,584.0,11.0,,,yes,HiFi,hifiasm_v0.16.1-r375,Pool,2024.0,no,Duflos,,unpublished,,,
100092,MERE-A-13,22043,,,1.0,,,,,42.656618,1.836221,1080.0,5.0,,,yes,HiFi,hifiasm_v0.16.1-r375,Pool,2023.0,yes,Wlodzimierz,2023.0,Nature,10.1038/s41586-023-06062-z,https://www.nature.com/articles/s41586-023-06062-z,
100093,MERE-A-7,22044,,,1.0,,,,,42.656618,1.836221,1080.0,8.0,,,yes,HiFi,hifiasm_v0.16.1-r375,Pool,2024.0,no,Duflos,,unpublished,,,
100094,MONF-A-1,22045,,,1.0,,,,,43.616254,0.972435,209.0,6.0,,,no,HiFi,hifiasm_v0.16.1-r375,Pool,2024.0,no,Duflos,,unpublished,,,
100095,MONF-A-14,22046,,,1.0,,,,,43.616254,0.972435,209.0,9.0,,,yes,HiFi,hifiasm_v0.16.1-r375,Pool,2024.0,no,Duflos,,unpublished,,,
100096,MONT-B-12,22047,,,1.0,,,,,43.852723,1.873536,156.0,10.0,,,yes,HiFi,hifiasm_v0.16.1-r375,Pool,2024.0,no,Duflos,,unpublished,,,
100097,MONT-B-14,22048,,,1.0,,,,,43.852723,1.873536,156.0,5.0,,,yes,HiFi,hifiasm_v0.16.1-r375,Pool,2024.0,no,Duflos,,unpublished,,,
100098,MONTM-B-16,22049,,,1.0,,,,,42.861218,0.596869,774.0,16.0,,,no,HiFi,hifiasm_v0.16.1-r375,Pool,2023.0,yes,Wlodzimierz,2023.0,Nature,10.1038/s41586-023-06062-z,https://www.nature.com/articles/s41586-023-06062-z,
100099,MONTM-B-7,22050,,,1.0,,,,,42.861218,0.596869,774.0,2.0,,,yes,HiFi,hifiasm_v0.16.1-r375,Pool,2023.0,yes,Wlodzimierz,2023.0,Nature,10.1038/s41586-023-06062-z,https://www.nature.com/articles/s41586-023-06062-z,
100100,NAUV-B-14,22051,,,1.0,,,,,44.520418,2.427129,257.0,14.0,,,no,HiFi,hifiasm_v0.16.1-r375,Pool,2024.0,no,Duflos,,unpublished,,,
100101,NAUV-B-7,22052,,,1.0,,,,,44.520418,2.427129,257.0,12.0,,,yes,HiFi,hifiasm_v0.16.1-r375,Pool,2024.0,no,Duflos,,unpublished,,,
100102,PREI-A-14,22053,,,1.0,,,,,43.717856,0.623298,120.0,9.0,,,yes,HiFi,hifiasm_v0.16.1-r375,Pool,2023.0,yes,Wlodzimierz,2023.0,Nature,10.1038/s41586-023-06062-z,https://www.nature.com/articles/s41586-023-06062-z,
100103,PREI-A-9,22054,,,1.0,,,,,43.717856,0.623298,120.0,9.0,,,yes,HiFi,hifiasm_v0.16.1-r375,Pool,2024.0,no,Duflos,,unpublished,,,
100104,RAYR-A-17,22055,,,1.0,,,,,44.196005,2.493157,555.0,15.0,,,yes,HiFi,hifiasm_v0.16.1-r375,Pool,2024.0,no,Duflos,,unpublished,,,
100105,RAYR-A-9,22056,,,1.0,,,,,44.196005,2.493157,555.0,13.0,,,yes,HiFi,hifiasm_v0.16.1-r375,Pool,2024.0,no,Duflos,,unpublished,,,
100106,SALE-A-10,22057,,,1.0,,,,,43.024966,0.965965,413.0,3.0,,,yes,HiFi,hifiasm_v0.16.1-r375,Pool,2023.0,yes,Wlodzimierz,2023.0,Nature,10.1038/s41586-023-06062-z,https://www.nature.com/articles/s41586-023-06062-z,
100107,SALE-A-17,22058,,,1.0,,,,,43.024966,0.965965,413.0,10.0,,,yes,HiFi,hifiasm_v0.16.1-r375,Pool,2023.0,yes,Wlodzimierz,2023.0,Nature,10.1038/s41586-023-06062-z,https://www.nature.com/articles/s41586-023-06062-z,
100108,IP-Alo-0,9506,,,1.0,,,,CS76662,40.109691,-7.476146,763.0,6.0,,,yes,HiFi,hifiasm_v0.16.1-r375,Individual,2023.0,yes,Wlodzimierz,2023.0,Nature,10.1038/s41586-023-06062-z,https://www.nature.com/articles/s41586-023-06062-z,
100109,IP-Alo-19,22059,,,1.0,,,,,40.109691,-7.476146,763.0,8.0,,,yes,HiFi,hifiasm_v0.16.1-r375,Individual,2023.0,yes,Wlodzimierz,2023.0,Nature,10.1038/s41586-023-06062-z,https://www.nature.com/articles/s41586-023-06062-z,
100110,IP-Cas-0,9831,,,1.0,,,,CS76743,38.534077,-3.39072,811.0,9.0,,,yes,HiFi,hifiasm_v0.16.1-r375,Individual,2023.0,yes,Wlodzimierz,2023.0,Nature,10.1038/s41586-023-06062-z,https://www.nature.com/articles/s41586-023-06062-z,
100111,IP-Cas-6,22060,,,1.0,,,,,38.534077,-3.39072,811.0,5.0,,,yes,HiFi,hifiasm_v0.16.1-r375,Individual,2023.0,yes,Wlodzimierz,2023.0,Nature,10.1038/s41586-023-06062-z,https://www.nature.com/articles/s41586-023-06062-z,
100112,IP-Cat-0,9832,,100112.0,1.0,,False,,CS76759,40.542081,-3.68695,733.0,8.0,,,no,HiFi,hifiasm_v0.16.1-r375,Individual,2023.0,yes,Wlodzimierz,2023.0,Nature,10.1038/s41586-023-06062-z,https://www.nature.com/articles/s41586-023-06062-z,
100113,IP-Cat-28,22061,,,1.0,,,,,40.542081,-3.68695,733.0,7.0,,,yes,HiFi,hifiasm_v0.16.1-r375,Individual,2024.0,no,Rabanal,,unpublished,,,
100114,IP-Cer-1,22062,,,1.0,,,,CS799222,40.737094,-4.068902,1168.0,9.0,,,yes,HiFi,hifiasm_v0.16.1-r375,Individual,2024.0,no,Rabanal,,unpublished,,,
100115,IP-Cer-6,22063,,,1.0,,,,,40.737094,-4.068902,1168.0,23.0,,,no,HiFi,hifiasm_v0.16.1-r375,Individual,2024.0,no,Rabanal,,unpublished,,,
100116,IP-Evs-0,9845,,,1.0,,,,CS76848,40.479175,-3.959696,613.0,4.0,,,yes,HiFi,hifiasm_v0.16.1-r375,Individual,2023.0,yes,Wlodzimierz,2023.0,Nature,10.1038/s41586-023-06062-z,https://www.nature.com/articles/s41586-023-06062-z,
100117,IP-Evs-12,22064,,,1.0,,,,,40.479175,-3.959696,613.0,3.0,,,yes,HiFi,hifiasm_v0.16.1-r375,Individual,2023.0,yes,Wlodzimierz,2023.0,Nature,10.1038/s41586-023-06062-z,https://www.nature.com/articles/s41586-023-06062-z,
100118,IP-Her-10,22065,,,1.0,,,,,39.394802,-5.782793,584.0,11.0,,,no,HiFi,hifiasm_v0.16.1-r375,Individual,2024.0,no,Rabanal,,unpublished,,,
100119,IP-Her-12,9545,,,1.0,,,,CS76920,39.394802,-5.782793,584.0,3.0,,,yes,HiFi,hifiasm_v0.16.1-r375,Individual,2024.0,no,Rabanal,,unpublished,,,
100120,IP-Hom-0,22066,,,1.0,,,,,40.816799,-1.68601,1262.0,11.0,,,yes,HiFi,hifiasm_v0.16.1-r375,Individual,2023.0,yes,Wlodzimierz,2023.0,Nature,10.1038/s41586-023-06062-z,https://www.nature.com/articles/s41586-023-06062-z,
100121,IP-Hom-4,9546,,,1.0,,,,CS76929,40.816799,-1.68601,1262.0,6.0,,,yes,HiFi,hifiasm_v0.16.1-r375,Individual,2023.0,yes,Wlodzimierz,2023.0,Nature,10.1038/s41586-023-06062-z,https://www.nature.com/articles/s41586-023-06062-z,
100122,IP-Hum-2,9549,,100122.0,1.0,,False,,CS76943,42.227184,-3.688887,924.0,9.0,,,no,HiFi,hifiasm_v0.16.1-r375,Individual,2023.0,yes,Wlodzimierz,2023.0,Nature,10.1038/s41586-023-06062-z,https://www.nature.com/articles/s41586-023-06062-z,
100123,IP-Hum-4,22067,,,1.0,,,,,42.227184,-3.688887,924.0,11.0,,,yes,HiFi,hifiasm_v0.16.1-r375,Individual,2023.0,yes,Wlodzimierz,2023.0,Nature,10.1038/s41586-023-06062-z,https://www.nature.com/articles/s41586-023-06062-z,
100124,IP-Las-0,22068,,,1.0,,,,CS2110049,40.568011,-4.152667,1071.0,7.0,,,yes,HiFi,hifiasm_v0.16.1-r375,Individual,2024.0,no,Rabanal,,unpublished,,,
100125,IP-Las-4,22069,,,1.0,,,,,40.568011,-4.152667,1071.0,10.0,,,yes,HiFi,hifiasm_v0.16.1-r375,Individual,2024.0,no,Rabanal,,unpublished,,,
100126,IP-Ldd-0,9553,,,1.0,,,,CS77012,41.576141,-4.70746,712.0,18.0,,,no,HiFi,hifiasm_v0.16.1-r375,Individual,2024.0,no,Rabanal,,unpublished,,,
100127,IP-Ldd-2,22070,,,1.0,,,,,41.576141,-4.70746,712.0,8.0,,,yes,HiFi,hifiasm_v0.16.1-r375,Individual,2024.0,no,Rabanal,,unpublished,,,
100128,IP-Lor-0,22071,,,1.0,,,,CS2110053,38.860067,-0.263499,922.0,10.0,,,yes,HiFi,hifiasm_v0.16.1-r375,Individual,2024.0,no,Rabanal,,unpublished,,,
100129,IP-Lor-16,22072,,,1.0,,,,,38.860067,-0.263499,922.0,5.0,,,yes,HiFi,hifiasm_v0.16.1-r375,Individual,2023.0,yes,Wlodzimierz,2023.0,Nature,10.1038/s41586-023-06062-z,https://www.nature.com/articles/s41586-023-06062-z,
100130,IP-Mar-1,9555,,,1.0,,,,CS77068,39.581325,-3.931648,1030.0,3.0,,,yes,HiFi,hifiasm_v0.16.1-r375,Individual,2024.0,no,Rabanal,,unpublished,,,
100131,IP-Mar-12,22073,,,1.0,,,,,39.581325,-3.931648,1030.0,11.0,,,yes,HiFi,hifiasm_v0.16.1-r375,Individual,2024.0,no,Rabanal,,unpublished,,,
100132,IP-Mdc-0,9865,,,1.0,,,,CS2110058,38.874341,-3.52962,725.0,9.0,,,yes,HiFi,hifiasm_v0.16.1-r375,Individual,2024.0,no,Rabanal,,unpublished,,,
100133,IP-Mdc-14,22074,,,1.0,,,,,38.874341,-3.52962,725.0,6.0,,,yes,HiFi,hifiasm_v0.16.1-r375,Individual,2023.0,yes,Wlodzimierz,2023.0,Nature,10.1038/s41586-023-06062-z,https://www.nature.com/articles/s41586-023-06062-z,
100134,IP-Med-0,22075,,,1.0,,,,CS799270,42.455239,-6.765742,771.0,9.0,,,no,HiFi,hifiasm_v0.16.1-r375,Individual,2023.0,yes,Wlodzimierz,2023.0,Nature,10.1038/s41586-023-06062-z,https://www.nature.com/articles/s41586-023-06062-z,
100135,IP-Med-3,22076,,,1.0,,,,,42.455239,-6.765742,771.0,10.0,,,no,HiFi,hifiasm_v0.16.1-r375,Individual,2023.0,yes,Wlodzimierz,2023.0,Nature,10.1038/s41586-023-06062-z,https://www.nature.com/articles/s41586-023-06062-z,
100136,IP-Met-4,22077,,,1.0,,,,,40.261667,-4.154601,583.0,5.0,,,yes,HiFi,hifiasm_v0.16.1-r375,Individual,2024.0,no,Rabanal,,unpublished,,,
100137,IP-Met-6,22078,,,1.0,,,,,40.261667,-4.154601,583.0,5.0,,,yes,HiFi,hifiasm_v0.16.1-r375,Individual,2023.0,yes,Wlodzimierz,2023.0,Nature,10.1038/s41586-023-06062-z,https://www.nature.com/articles/s41586-023-06062-z,
100138,IP-Mie-1,9867,,100138.0,1.0,,False,,CS77083,40.941507,-3.218865,979.0,12.0,,,no,HiFi,hifiasm_v0.16.1-r375,Individual,2024.0,no,Rabanal,,unpublished,,,
100139,IP-Mie-3,22079,,,1.0,,,,,40.941507,-3.218865,979.0,15.0,,,yes,HiFi,hifiasm_v0.16.1-r375,Individual,2024.0,no,Rabanal,,unpublished,,,
100140,IP-Mor-0,22080,,,1.0,,,,CS2110060,40.870455,-6.073196,803.0,8.0,,,yes,HiFi,hifiasm_v0.16.1-r375,Individual,2024.0,no,Rabanal,,unpublished,,,
100141,IP-Mor-5,22081,,,1.0,,,,,40.870455,-6.073196,803.0,8.0,,,yes,HiFi,hifiasm_v0.16.1-r375,Individual,2024.0,no,Rabanal,,unpublished,,,
100142,IP-Mos-5,22082,,,1.0,,,,,40.040579,-7.110302,620.0,6.0,,,yes,HiFi,hifiasm_v0.16.1-r375,Individual,2023.0,yes,Wlodzimierz,2023.0,Nature,10.1038/s41586-023-06062-z,https://www.nature.com/articles/s41586-023-06062-z,
100143,IP-Mos-9,22083,,,1.0,,,,,40.040579,-7.110302,620.0,13.0,,,yes,HiFi,hifiasm_v0.16.1-r375,Individual,2023.0,yes,Wlodzimierz,2023.0,Nature,10.1038/s41586-023-06062-z,https://www.nature.com/articles/s41586-023-06062-z,
100144,IP-Pub-0,22084,,,1.0,,,,CS799305,42.056731,-6.633406,906.0,9.0,,,yes,HiFi,hifiasm_v0.16.1-r375,Individual,2024.0,no,Rabanal,,unpublished,,,
100145,IP-Pub-1,22085,,,1.0,,,,,42.056731,-6.633406,906.0,7.0,,,yes,HiFi,hifiasm_v0.16.1-r375,Individual,2024.0,no,Rabanal,,unpublished,,,
100146,IP-Rel-13,22086,,,1.0,,,,,38.602173,-2.705479,1040.0,16.0,,,no,HiFi,hifiasm_v0.16.1-r375,Individual,2024.0,no,Rabanal,,unpublished,,,
100147,IP-Rel-20,22087,,,1.0,,,,,38.602173,-2.705479,1040.0,13.0,,,yes,HiFi,hifiasm_v0.16.1-r375,Individual,2024.0,no,Rabanal,,unpublished,,,
100148,IP-San-6,22088,,,1.0,,,,,38.331366,-3.508882,700.0,11.0,,,yes,HiFi,hifiasm_v0.16.1-r375,Individual,2024.0,no,Rabanal,,unpublished,,,
100149,IP-San-9,22089,,,1.0,,,,,38.331366,-3.508882,700.0,8.0,,,yes,HiFi,hifiasm_v0.16.1-r375,Individual,2023.0,yes,Wlodzimierz,2023.0,Nature,10.1038/s41586-023-06062-z,https://www.nature.com/articles/s41586-023-06062-z,
100150,IP-Scm-0,9580,,,1.0,,,,CS799321,38.680293,-3.574345,730.0,12.0,,,yes,HiFi,hifiasm_v0.16.1-r375,Individual,2024.0,no,Rabanal,,unpublished,,,
100151,IP-Scm-2,22090,,,1.0,,,,,38.680293,-3.574345,730.0,12.0,,,yes,HiFi,hifiasm_v0.16.1-r375,Individual,2024.0,no,Rabanal,,unpublished,,,
100152,IP-Sln-0,22091,,,1.0,,,,,40.356889,-3.994843,646.0,9.0,,,yes,HiFi,hifiasm_v0.16.1-r375,Individual,2024.0,no,Rabanal,,unpublished,,,
100153,IP-Sln-22,22092,,,1.0,,,,CS2110077,40.356889,-3.994843,646.0,8.0,,,yes,HiFi,hifiasm_v0.16.1-r375,Individual,2023.0,yes,Wlodzimierz,2023.0,Nature,10.1038/s41586-023-06062-z,https://www.nature.com/articles/s41586-023-06062-z,
100154,IP-Tod-1,22093,,,1.0,,,,,41.467911,-5.045448,658.0,33.0,,,no,HiFi,hifiasm_v0.16.1-r375,Individual,2024.0,no,Rabanal,,unpublished,,,
100155,IP-Tod-5,22094,,,1.0,,,,CS2110079,41.467911,-5.045448,658.0,7.0,,,yes,HiFi,hifiasm_v0.16.1-r375,Individual,2024.0,no,Rabanal,,unpublished,,,
100156,IP-Vao-0,22095,,,1.0,,,,,41.575265,-7.552605,532.0,15.0,,,yes,HiFi,hifiasm_v0.16.1-r375,Individual,2024.0,no,Rabanal,,unpublished,,,
100157,IP-Vao-8,22096,,,1.0,,,,,41.575265,-7.552605,532.0,13.0,,,yes,HiFi,hifiasm_v0.16.1-r375,Individual,2024.0,no,Rabanal,,unpublished,,,
100158,IP-Hum-2,9549,,100122.0,2.0,,ONT does not look as good,,CS76943,42.227184,-3.688887,924.0,9.0,,,yes,HiFi,hifiasm_v0.16.1-r375,Individual,2024.0,,Wlodzimierz,2023.0,Nature,,,
100159,IP-Cat-0,9832,,100112.0,2.0,,ONT does not look as good,,CS76759,40.542081,-3.68695,733.0,8.0,,,yes,HiFi,hifiasm_v0.16.1-r375,Individual,2024.0,,Wlodzimierz,2023.0,Nature,,,
100160,Est-1,6916,,,1.0,,,,,58.3,25.3,,260.0,,,no,CLR,Canu_v1.7,Did_not_say,2023.0,yes,Wang,2023.0,Cell,10.1016/j.cell.2023.05.023,https://www.sciencedirect.com/science/article/pii/S0092867423005421?via%3Dihub,
100161,AH-7,22097,,100161.0,1.0,,False,,,,,,34.0,,,no,HiFi,hifiasm_v0.18,Pool,2023.0,yes,Kang,2023.0,NatCommun,10.1038/s41467-023-42029-4,https://www.nature.com/articles/s41467-023-42029-4,
100162,Arb-0,22098,,100162.0,1.0,,False,,,,,,15.0,,,no,HiFi,hifiasm_v0.18,Pool,2023.0,yes,Kang,2023.0,NatCommun,10.1038/s41467-023-42029-4,https://www.nature.com/articles/s41467-023-42029-4,
100163,Belmonte-4-94,957,,100163.0,1.0,,False,,,,,,17.0,,,no,HiFi,hifiasm_v0.18,Pool,2023.0,yes,Kang,2023.0,NatCommun,10.1038/s41467-023-42029-4,https://www.nature.com/articles/s41467-023-42029-4,
100164,Bor-1,5837,,100164.0,1.0,,False,,,,,,20.0,,,no,HiFi,hifiasm_v0.18,Pool,2023.0,yes,Kang,2023.0,NatCommun,10.1038/s41467-023-42029-4,https://www.nature.com/articles/s41467-023-42029-4,
100165,Cdm-0,9943,,100165.0,1.0,,False,,,,,,32.0,,,no,HiFi,hifiasm_v0.18,Pool,2023.0,yes,Kang,2023.0,NatCommun,10.1038/s41467-023-42029-4,https://www.nature.com/articles/s41467-023-42029-4,
100166,Col-0,6909,,100166.0,1.0,,False,,,,,,25.0,,,no,HiFi,hifiasm_v0.18,Pool,2023.0,yes,Kang,2023.0,NatCommun,10.1038/s41467-023-42029-4,https://www.nature.com/articles/s41467-023-42029-4,
100167,Dra-2,7105,,100167.0,1.0,,False,,,,,,12.0,,,no,HiFi,hifiasm_v0.18,Pool,2023.0,yes,Kang,2023.0,NatCommun,10.1038/s41467-023-42029-4,https://www.nature.com/articles/s41467-023-42029-4,
100168,Elk-1,22099,,100168.0,1.0,,False,,,,,,32.0,,,no,HiFi,hifiasm_v0.18,Pool,2023.0,yes,Kang,2023.0,NatCommun,10.1038/s41467-023-42029-4,https://www.nature.com/articles/s41467-023-42029-4,
100169,Etna-2,9762,,100169.0,1.0,,False,,,,,,43.0,,,no,HiFi,hifiasm_v0.18,Pool,2023.0,yes,Kang,2023.0,NatCommun,10.1038/s41467-023-42029-4,https://www.nature.com/articles/s41467-023-42029-4,
100170,Got-22,6920,,100170.0,1.0,,False,,,,,,29.0,,,no,HiFi,hifiasm_v0.18,Pool,2023.0,yes,Kang,2023.0,NatCommun,10.1038/s41467-023-42029-4,https://www.nature.com/articles/s41467-023-42029-4,
100171,Hs-0,7162,,100171.0,1.0,,False,,,,,,33.0,,,no,HiFi,hifiasm_v0.18,Pool,2023.0,yes,Kang,2023.0,NatCommun,10.1038/s41467-023-42029-4,https://www.nature.com/articles/s41467-023-42029-4,
100172,Kelsterbach-2,7188,,100172.0,1.0,,False,,,,,,14.0,,,no,HiFi,hifiasm_v0.18,Pool,2023.0,yes,Kang,2023.0,NatCommun,10.1038/s41467-023-42029-4,https://www.nature.com/articles/s41467-023-42029-4,
100173,Ket-10,22100,,100173.0,1.0,,False,,,,,,25.0,,,no,HiFi,hifiasm_v0.18,Pool,2023.0,yes,Kang,2023.0,NatCommun,10.1038/s41467-023-42029-4,https://www.nature.com/articles/s41467-023-42029-4,
100174,Kondara,6929,,100174.0,1.0,,False,,,,,,23.0,,,no,HiFi,hifiasm_v0.18,Pool,2023.0,yes,Kang,2023.0,NatCommun,10.1038/s41467-023-42029-4,https://www.nature.com/articles/s41467-023-42029-4,
100175,Kz-9,6931,,100175.0,1.0,,False,,,,,,34.0,,,no,HiFi,hifiasm_v0.18,Pool,2023.0,yes,Kang,2023.0,NatCommun,10.1038/s41467-023-42029-4,https://www.nature.com/articles/s41467-023-42029-4,
100176,LI-OF-095,641,,100176.0,1.0,,False,,,,,,36.0,,,no,HiFi,hifiasm_v0.18,Pool,2023.0,yes,Kang,2023.0,NatCommun,10.1038/s41467-023-42029-4,https://www.nature.com/articles/s41467-023-42029-4,
100177,LL-0,6933,,100177.0,1.0,,False,,,,,,22.0,,,no,HiFi,hifiasm_v0.18,Pool,2023.0,yes,Kang,2023.0,NatCommun,10.1038/s41467-023-42029-4,https://www.nature.com/articles/s41467-023-42029-4,
100178,Mammo-1,9964,,100178.0,1.0,,False,,,,,,46.0,,,no,HiFi,hifiasm_v0.18,Pool,2023.0,yes,Kang,2023.0,NatCommun,10.1038/s41467-023-42029-4,https://www.nature.com/articles/s41467-023-42029-4,
100179,Meh-0,22101,,100179.0,1.0,,False,,,,,,51.0,,,no,HiFi,hifiasm_v0.18,Pool,2023.0,yes,Kang,2023.0,NatCommun,10.1038/s41467-023-42029-4,https://www.nature.com/articles/s41467-023-42029-4,
100180,Ms-0,6938,,100180.0,1.0,,False,,,,,,27.0,,,no,HiFi,hifiasm_v0.18,Pool,2023.0,yes,Kang,2023.0,NatCommun,10.1038/s41467-023-42029-4,https://www.nature.com/articles/s41467-023-42029-4,
100181,Nz-1,7263,,100181.0,1.0,,False,,,,,,17.0,,,no,HiFi,hifiasm_v0.18,Pool,2023.0,yes,Kang,2023.0,NatCommun,10.1038/s41467-023-42029-4,https://www.nature.com/articles/s41467-023-42029-4,
100182,Per-1,8354,,100182.0,1.0,,False,,,,,,26.0,,,no,HiFi,hifiasm_v0.18,Pool,2023.0,yes,Kang,2023.0,NatCommun,10.1038/s41467-023-42029-4,https://www.nature.com/articles/s41467-023-42029-4,
100183,Pra-6,9948,,100183.0,1.0,,False,,,,,,38.0,,,no,HiFi,hifiasm_v0.18,Pool,2023.0,yes,Kang,2023.0,NatCommun,10.1038/s41467-023-42029-4,https://www.nature.com/articles/s41467-023-42029-4,
100184,Pu2-23,6951,,100184.0,1.0,,False,,,,,,22.0,,,no,HiFi,hifiasm_v0.18,Pool,2023.0,yes,Kang,2023.0,NatCommun,10.1038/s41467-023-42029-4,https://www.nature.com/articles/s41467-023-42029-4,
100185,Shahdara,6962,,100185.0,1.0,,False,,,,,,49.0,,,no,HiFi,hifiasm_v0.18,Pool,2023.0,yes,Kang,2023.0,NatCommun,10.1038/s41467-023-42029-4,https://www.nature.com/articles/s41467-023-42029-4,
100186,Sij-1,10008,,100186.0,1.0,,False,,,,,,33.0,,,no,HiFi,hifiasm_v0.18,Pool,2023.0,yes,Kang,2023.0,NatCommun,10.1038/s41467-023-42029-4,https://www.nature.com/articles/s41467-023-42029-4,
100187,Sij-2,10009,,100187.0,1.0,,False,,,,,,31.0,,,no,HiFi,hifiasm_v0.18,Pool,2023.0,yes,Kang,2023.0,NatCommun,10.1038/s41467-023-42029-4,https://www.nature.com/articles/s41467-023-42029-4,
100188,Sorbo,6963,,100188.0,1.0,,False,,,,,,48.0,,,no,HiFi,hifiasm_v0.18,Pool,2023.0,yes,Kang,2023.0,NatCommun,10.1038/s41467-023-42029-4,https://www.nature.com/articles/s41467-023-42029-4,
100189,St-0,8387,,100189.0,1.0,,False,,,,,,50.0,,,no,HiFi,hifiasm_v0.18,Pool,2023.0,yes,Kang,2023.0,NatCommun,10.1038/s41467-023-42029-4,https://www.nature.com/articles/s41467-023-42029-4,
100190,Tibet-0,22102,,100190.0,1.0,,False,,CS79062,29.68976,,,30.0,,,no,HiFi,hifiasm_v0.18,Pool,2023.0,yes,Kang,2023.0,NatCommun,10.1038/s41467-023-42029-4,https://www.nature.com/articles/s41467-023-42029-4,
100191,TueSB30-3,9999,,100191.0,1.0,,False,,,,,,18.0,,,no,HiFi,hifiasm_v0.18,Pool,2023.0,yes,Kang,2023.0,NatCommun,10.1038/s41467-023-42029-4,https://www.nature.com/articles/s41467-023-42029-4,
100192,Yilong-0,22103,,100192.0,1.0,,False,,,,,,30.0,,,no,HiFi,hifiasm_v0.18,Pool,2023.0,yes,Kang,2023.0,NatCommun,10.1038/s41467-023-42029-4,https://www.nature.com/articles/s41467-023-42029-4,
100193,Db-1,7419,,100193.0,1.0,,False,,,,,,10.0,,,no,HiFi,hifiasm_v0.16.1_Canu_v2.1.1,Pool,2024.0,yes,Lian,2024.0,NatGenet,10.1038/s41588-024-01715-9,https://www.nature.com/articles/s41588-024-01715-9,
100194,Est-0,7128,,,1.0,,,,,,,,10.0,,,yes,HiFi,hifiasm_v0.16.1_Canu_v2.1.2,Pool,2024.0,yes,Lian,2024.0,NatGenet,10.1038/s41588-024-01715-9,https://www.nature.com/articles/s41588-024-01715-9,
100195,Kas-1,7183,,,1.0,,,,,,,,16.0,,,no,HiFi,hifiasm_v0.16.1_Canu_v2.1.3,Pool,2024.0,yes,Lian,2024.0,NatGenet,10.1038/s41588-024-01715-9,https://www.nature.com/articles/s41588-024-01715-9,
100196,Mh-0,7255,,100196.0,1.0,,False,,,,,,6.0,,,no,HiFi,hifiasm_v0.16.1_Canu_v2.1.4,Pool,2024.0,yes,Lian,2024.0,NatGenet,10.1038/s41588-024-01715-9,https://www.nature.com/articles/s41588-024-01715-9,
100197,Mr-0,22104,,100197.0,1.0,,False,,,,,,10.0,,,no,HiFi,hifiasm_v0.16.1_Canu_v2.1.5,Pool,2024.0,yes,Lian,2024.0,NatGenet,10.1038/s41588-024-01715-9,https://www.nature.com/articles/s41588-024-01715-9,
100198,Ms-0,6938,,100198.0,1.0,,False,,,,,,16.0,,,no,HiFi,hifiasm_v0.16.1_Canu_v2.1.6,Pool,2024.0,yes,Lian,2024.0,NatGenet,10.1038/s41588-024-01715-9,https://www.nature.com/articles/s41588-024-01715-9,
100199,Co-4,22105,,100199.0,1.0,,False,,,,,,12.0,,,no,HiFi,hifiasm_v0.16.1_Canu_v2.1.7,Pool,2024.0,yes,Lian,2024.0,NatGenet,10.1038/s41588-024-01715-9,https://www.nature.com/articles/s41588-024-01715-9,
100200,Est-1,6916,,,1.0,,,,,,,,18.0,,,no,HiFi,hifiasm_v0.16.1_Canu_v2.1.8,Pool,2024.0,yes,Lian,2024.0,NatGenet,10.1038/s41588-024-01715-9,https://www.nature.com/articles/s41588-024-01715-9,
100201,Had-6b,22106,,,1.0,,,,,,,,12.0,,,yes,HiFi,hifiasm_v0.16.1_Canu_v2.1.9,Pool,2024.0,yes,Lian,2024.0,NatGenet,10.1038/s41588-024-01715-9,https://www.nature.com/articles/s41588-024-01715-9,
100202,Hiroshima,22107,,100202.0,1.0,,False,,,,,,6.0,,,no,HiFi,hifiasm_v0.16.1_Canu_v2.1.10,Pool,2024.0,yes,Lian,2024.0,NatGenet,10.1038/s41588-024-01715-9,https://www.nature.com/articles/s41588-024-01715-9,
100203,Ishikawa,22108,,,1.0,,,,,,,,10.0,,,yes,HiFi,hifiasm_v0.16.1_Canu_v2.1.11,Pool,2024.0,yes,Lian,2024.0,NatGenet,10.1038/s41588-024-01715-9,https://www.nature.com/articles/s41588-024-01715-9,
100204,Kyr-1,770,,100204.0,1.0,,False,,,,,,18.0,,,no,HiFi,hifiasm_v0.16.1_Canu_v2.1.12,Pool,2024.0,yes,Lian,2024.0,NatGenet,10.1038/s41588-024-01715-9,https://www.nature.com/articles/s41588-024-01715-9,
100205,Nov-02,22109,,100205.0,1.0,,False,,,,,,26.0,,,no,HiFi,hifiasm_v0.16.1_Canu_v2.1.13,Pool,2024.0,yes,Lian,2024.0,NatGenet,10.1038/s41588-024-01715-9,https://www.nature.com/articles/s41588-024-01715-9,
100206,Rld-2,7457,,,1.0,,,,,,,,12.0,,,yes,HiFi,hifiasm_v0.16.1_Canu_v2.1.14,Pool,2024.0,yes,Lian,2024.0,NatGenet,10.1038/s41588-024-01715-9,https://www.nature.com/articles/s41588-024-01715-9,
100207,Abd-0,6986,,100207.0,1.0,,False,,,,,,13.0,,,no,HiFi,hifiasm_v0.16.1_Canu_v2.1.15,Pool,2024.0,yes,Lian,2024.0,NatGenet,10.1038/s41588-024-01715-9,https://www.nature.com/articles/s41588-024-01715-9,
100208,Altai-5,9758,,,1.0,,,,,,,,18.0,,,no,HiFi,hifiasm_v0.16.1_Canu_v2.1.16,Pool,2024.0,yes,Lian,2024.0,NatGenet,10.1038/s41588-024-01715-9,https://www.nature.com/articles/s41588-024-01715-9,
100209,Kar-1,763,,100209.0,1.0,,False,,,,,,24.0,,,no,HiFi,hifiasm_v0.16.1_Canu_v2.1.17,Pool,2024.0,yes,Lian,2024.0,NatGenet,10.1038/s41588-024-01715-9,https://www.nature.com/articles/s41588-024-01715-9,
100210,RRS-10,7515,,100210.0,1.0,,False,,,,,,16.0,,,no,HiFi,hifiasm_v0.16.1_Canu_v2.1.18,Pool,2024.0,yes,Lian,2024.0,NatGenet,10.1038/s41588-024-01715-9,https://www.nature.com/articles/s41588-024-01715-9,
100211,Rubezhnoe-1,7323,,100211.0,1.0,,False,,,,,,25.0,,,no,HiFi,hifiasm_v0.16.1_Canu_v2.1.19,Pool,2024.0,yes,Lian,2024.0,NatGenet,10.1038/s41588-024-01715-9,https://www.nature.com/articles/s41588-024-01715-9,
100212,Sah-0,7338,,100212.0,1.0,,False,,,,,,19.0,,,no,HiFi,hifiasm_v0.16.1_Canu_v2.1.20,Pool,2024.0,yes,Lian,2024.0,NatGenet,10.1038/s41588-024-01715-9,https://www.nature.com/articles/s41588-024-01715-9,
100213,Sus-1,765,,,1.0,,,,,,,,26.0,,,no,HiFi,hifiasm_v0.16.1_Canu_v2.1.21,Pool,2024.0,yes,Lian,2024.0,NatGenet,10.1038/s41588-024-01715-9,https://www.nature.com/articles/s41588-024-01715-9,
100214,Zal-1,768,,100214.0,1.0,,False,,,,,,24.0,,,no,HiFi,hifiasm_v0.16.1_Canu_v2.1.22,Pool,2024.0,yes,Lian,2024.0,NatGenet,10.1038/s41588-024-01715-9,https://www.nature.com/articles/s41588-024-01715-9,
100215,Edi-0,7111,,100215.0,1.0,,False,,,,,,15.0,,,no,HiFi,hifiasm_v0.16.1_Canu_v2.1.23,Pool,2024.0,yes,Lian,2024.0,NatGenet,10.1038/s41588-024-01715-9,https://www.nature.com/articles/s41588-024-01715-9,
100216,Elh-2,22004,,100216.0,1.0,,False,,,,,,19.0,,,no,HiFi,hifiasm_v0.16.1_Canu_v2.1.24,Pool,2024.0,yes,Lian,2024.0,NatGenet,10.1038/s41588-024-01715-9,https://www.nature.com/articles/s41588-024-01715-9,
100217,Etna-2,9762,,100217.0,1.0,,False,,,,,,21.0,,,no,HiFi,hifiasm_v0.16.1_Canu_v2.1.25,Pool,2024.0,yes,Lian,2024.0,NatGenet,10.1038/s41588-024-01715-9,https://www.nature.com/articles/s41588-024-01715-9,
100218,N13,7438,,100218.0,1.0,,False,,,,,,16.0,,,no,HiFi,hifiasm_v0.16.1_Canu_v2.1.26,Pool,2024.0,yes,Lian,2024.0,NatGenet,10.1038/s41588-024-01715-9,https://www.nature.com/articles/s41588-024-01715-9,
100219,No-0,7273,,100219.0,1.0,,False,,,,,,10.0,,,no,HiFi,hifiasm_v0.16.1_Canu_v2.1.27,Pool,2024.0,yes,Lian,2024.0,NatGenet,10.1038/s41588-024-01715-9,https://www.nature.com/articles/s41588-024-01715-9,
100220,Qar-8a,9764,,100220.0,1.0,,False,,,,,,15.0,,,no,HiFi,hifiasm_v0.16.1_Canu_v2.1.28,Pool,2024.0,yes,Lian,2024.0,NatGenet,10.1038/s41588-024-01715-9,https://www.nature.com/articles/s41588-024-01715-9,
100221,Sf-2,7328,,100221.0,1.0,,False,,,,,,14.0,,,no,HiFi,hifiasm_v0.16.1_Canu_v2.1.29,Pool,2024.0,yes,Lian,2024.0,NatGenet,10.1038/s41588-024-01715-9,https://www.nature.com/articles/s41588-024-01715-9,
100222,Tul-0,7377,,,1.0,,,,,,,,8.0,,,yes,HiFi,hifiasm_v0.16.1_Canu_v2.1.30,Pool,2024.0,yes,Lian,2024.0,NatGenet,10.1038/s41588-024-01715-9,https://www.nature.com/articles/s41588-024-01715-9,
100223,Ice-1,22111,,100223.0,1.0,,False,,,,,,35.0,,,no,HiFi,hifiasm_v0.16.1_Canu_v2.1.31,Pool,2024.0,yes,Lian,2024.0,NatGenet,10.1038/s41588-024-01715-9,https://www.nature.com/articles/s41588-024-01715-9,
100224,Rabacal-1,22005,Rab-R1,100224.0,1.0,,False,,,,,,40.0,,,no,HiFi,hifiasm_v0.16.1_Canu_v2.1.32,Pool,2024.0,yes,Lian,2024.0,NatGenet,10.1038/s41588-024-01715-9,https://www.nature.com/articles/s41588-024-01715-9,
100225,St-0,8387,,100225.0,1.0,,False,,,,,,68.0,,,no,HiFi,hifiasm_v0.16.1_Canu_v2.1.33,Pool,2024.0,yes,Lian,2024.0,NatGenet,10.1038/s41588-024-01715-9,https://www.nature.com/articles/s41588-024-01715-9,
100226,Stw-0,7347,,,1.0,,,,,,,,17.0,,,no,HiFi,hifiasm_v0.16.1_Canu_v2.1.34,Pool,2024.0,yes,Lian,2024.0,NatGenet,10.1038/s41588-024-01715-9,https://www.nature.com/articles/s41588-024-01715-9,
100227,Tanz-1,100002,,100227.0,1.0,,False,,,,,,16.0,,,no,HiFi,hifiasm_v0.16.1_Canu_v2.1.35,Pool,2024.0,yes,Lian,2024.0,NatGenet,10.1038/s41588-024-01715-9,https://www.nature.com/articles/s41588-024-01715-9,
100228,Taz-0,22003,,,1.0,,,,,,,,21.0,,,no,HiFi,hifiasm_v0.16.1_Canu_v2.1.36,Pool,2024.0,yes,Lian,2024.0,NatGenet,10.1038/s41588-024-01715-9,https://www.nature.com/articles/s41588-024-01715-9,
100229,Ws-4,7398,,100229.0,1.0,,False,,,,,,12.0,,,no,HiFi,hifiasm_v0.16.1_Canu_v2.1.37,Pool,2024.0,yes,Lian,2024.0,NatGenet,10.1038/s41588-024-01715-9,https://www.nature.com/articles/s41588-024-01715-9,
100230,Zin9,22112,,100230.0,1.0,,False,,,,,,17.0,,,no,HiFi,hifiasm_v0.16.1_Canu_v2.1.38,Pool,2024.0,yes,Lian,2024.0,NatGenet,10.1038/s41588-024-01715-9,https://www.nature.com/articles/s41588-024-01715-9,
100231,Pyl-1,22113,,100231.0,1.0,,False,,,,,,14.0,,,no,HiFi,hifiasm_v0.16.1_Canu_v2.1.39,Pool,2024.0,yes,Lian,2024.0,NatGenet,10.1038/s41588-024-01715-9,https://www.nature.com/articles/s41588-024-01715-9,
100232,Valsi-1,9969,,100232.0,1.0,,False,,,,,,11.0,,,no,HiFi,hifiasm_v0.16.1_Canu_v2.1.40,Pool,2024.0,yes,Lian,2024.0,NatGenet,10.1038/s41588-024-01715-9,https://www.nature.com/articles/s41588-024-01715-9,
100233,Geg-14,9125,,,1.0,,,,,,,,15.0,,,yes,HiFi,hifiasm_v0.16.1_Canu_v2.1.41,Pool,2024.0,yes,Lian,2024.0,NatGenet,10.1038/s41588-024-01715-9,https://www.nature.com/articles/s41588-024-01715-9,
100234,Dog-4,9992,,100234.0,1.0,,False,,,,,,14.0,,,no,HiFi,hifiasm_v0.16.1_Canu_v2.1.42,Pool,2024.0,yes,Lian,2024.0,NatGenet,10.1038/s41588-024-01715-9,https://www.nature.com/articles/s41588-024-01715-9,
100235,Nemrut-1,9993,,100235.0,1.0,,False,,,,,,12.0,,,no,HiFi,hifiasm_v0.16.1_Canu_v2.1.43,Pool,2024.0,yes,Lian,2024.0,NatGenet,10.1038/s41588-024-01715-9,https://www.nature.com/articles/s41588-024-01715-9,
100236,Toufl-1,9940,,100236.0,1.0,,False,,,,,,6.0,,,no,HiFi,hifiasm_v0.16.1_Canu_v2.1.44,Pool,2024.0,yes,Lian,2024.0,NatGenet,10.1038/s41588-024-01715-9,https://www.nature.com/articles/s41588-024-01715-9,
100237,Anz-0,9759,,100237.0,1.0,,False,,,,,,14.0,,,no,HiFi,hifiasm_v0.16.1_Canu_v2.1.45,Pool,2024.0,yes,Lian,2024.0,NatGenet,10.1038/s41588-024-01715-9,https://www.nature.com/articles/s41588-024-01715-9,
100238,Areeiro-1,22006,Are-1,,1.0,,,,,,,,86.0,,,no,ONT,Flye_v2.7,Pool???,2024.0,yes,Lian,2024.0,NatGenet,10.1038/s41588-024-01715-9,https://www.nature.com/articles/s41588-024-01715-9,
100239,Areeiro-2,22114,Are-2,,1.0,,,,,,,,108.0,,,no,ONT,Flye_v2.7,Pool???,2024.0,yes,Lian,2024.0,NatGenet,10.1038/s41588-024-01715-9,https://www.nature.com/articles/s41588-024-01715-9,
100240,Areeiro-6,22115,Are-6,,1.0,,,,,,,,106.0,,,no,ONT,Flye_v2.7,Pool???,2024.0,yes,Lian,2024.0,NatGenet,10.1038/s41588-024-01715-9,https://www.nature.com/articles/s41588-024-01715-9,
100241,Areeiro-10,22116,Are-10,,1.0,,,,,,,,47.0,,,no,ONT,Flye_v2.7,Pool???,2024.0,yes,Lian,2024.0,NatGenet,10.1038/s41588-024-01715-9,https://www.nature.com/articles/s41588-024-01715-9,
100242,Bay-0,6899,,,1.0,,,,,,,,69.0,,,no,ONT,Flye_v2.7,Pool???,2024.0,yes,Lian,2024.0,NatGenet,10.1038/s41588-024-01715-9,https://www.nature.com/articles/s41588-024-01715-9,
100243,Bla-1,7015,,,1.0,,,,,,,,49.0,,,no,ONT,Flye_v2.7,Pool???,2024.0,yes,Lian,2024.0,NatGenet,10.1038/s41588-024-01715-9,https://www.nature.com/articles/s41588-024-01715-9,
100244,Blh-1,7034,,,1.0,,,,,,,,64.0,,,no,ONT,Flye_v2.7,Pool???,2024.0,yes,Lian,2024.0,NatGenet,10.1038/s41588-024-01715-9,https://www.nature.com/articles/s41588-024-01715-9,
100245,Bur-0,7058,,,1.0,,,,,,,,63.0,,,no,ONT,Flye_v2.7,Pool???,2024.0,yes,Lian,2024.0,NatGenet,10.1038/s41588-024-01715-9,https://www.nature.com/articles/s41588-024-01715-9,
100246,Cant-1,9194,,,1.0,,,,,,,,171.0,,,no,ONT,Flye_v2.7,Pool???,2024.0,yes,Lian,2024.0,NatGenet,10.1038/s41588-024-01715-9,https://www.nature.com/articles/s41588-024-01715-9,
100247,Can-0,7063,,,1.0,,False,,,,,,68.0,,,no,ONT,Flye_v2.7,Pool???,2024.0,yes,Lian,2024.0,NatGenet,10.1038/s41588-024-01715-9,https://www.nature.com/articles/s41588-024-01715-9,
100248,Col-0,6909,,,1.0,,False,,,,,,52.0,,,no,ONT,Flye_v2.7,Pool???,2024.0,yes,Lian,2024.0,NatGenet,10.1038/s41588-024-01715-9,https://www.nature.com/articles/s41588-024-01715-9,
100249,Ct-1,7067,,,1.0,,,,,,,,95.0,,,no,ONT,Flye_v2.7,Pool???,2024.0,yes,Lian,2024.0,NatGenet,10.1038/s41588-024-01715-9,https://www.nature.com/articles/s41588-024-01715-9,
100250,Cvi-0,6911,,,1.0,,,,,,,,67.0,,,no,ONT,Flye_v2.7,Pool???,2024.0,yes,Lian,2024.0,NatGenet,10.1038/s41588-024-01715-9,https://www.nature.com/articles/s41588-024-01715-9,
100251,Ge-0,8297,,,1.0,,,,,,,,60.0,,,no,ONT,Flye_v2.7,Pool???,2024.0,yes,Lian,2024.0,NatGenet,10.1038/s41588-024-01715-9,https://www.nature.com/articles/s41588-024-01715-9,
100252,Ita-0,7173,,,1.0,,,,,,,,97.0,,,no,ONT,Flye_v2.7,Pool???,2024.0,yes,Lian,2024.0,NatGenet,10.1038/s41588-024-01715-9,https://www.nature.com/articles/s41588-024-01715-9,
100253,JEA,91,,,1.0,,,,,,,,49.0,,,no,ONT,Flye_v2.7,Pool???,2024.0,yes,Lian,2024.0,NatGenet,10.1038/s41588-024-01715-9,https://www.nature.com/articles/s41588-024-01715-9,
100254,Kz-9,6931,,,1.0,,,,,,,,67.0,,,no,ONT,Flye_v2.7,Pool???,2024.0,yes,Lian,2024.0,NatGenet,10.1038/s41588-024-01715-9,https://www.nature.com/articles/s41588-024-01715-9,
100255,Nok-1,7270,,,1.0,,,,,,,,85.0,,,no,ONT,Flye_v2.7,Pool???,2024.0,yes,Lian,2024.0,NatGenet,10.1038/s41588-024-01715-9,https://www.nature.com/articles/s41588-024-01715-9,
100256,Oy-0,7288,,,1.0,,,,,,,,78.0,,,no,ONT,Flye_v2.7,Pool???,2024.0,yes,Lian,2024.0,NatGenet,10.1038/s41588-024-01715-9,https://www.nature.com/articles/s41588-024-01715-9,
100257,Ri-0,7317,,,1.0,,,,,,,,40.0,,,no,ONT,Flye_v2.7,Pool???,2024.0,yes,Lian,2024.0,NatGenet,10.1038/s41588-024-01715-9,https://www.nature.com/articles/s41588-024-01715-9,
100258,Shahdara,6962,,,1.0,,,,,,,,104.0,,,no,ONT,Flye_v2.7,Pool???,2024.0,yes,Lian,2024.0,NatGenet,10.1038/s41588-024-01715-9,https://www.nature.com/articles/s41588-024-01715-9,
100259,Shigu-2,9959,,,1.0,,,,,,,,71.0,,,no,ONT,Flye_v2.7,Pool???,2024.0,yes,Lian,2024.0,NatGenet,10.1038/s41588-024-01715-9,https://www.nature.com/articles/s41588-024-01715-9,
100260,Tsu-0,7373,,,1.0,,,,,,,,55.0,,,no,ONT,Flye_v2.7,Pool???,2024.0,yes,Lian,2024.0,NatGenet,10.1038/s41588-024-01715-9,https://www.nature.com/articles/s41588-024-01715-9,
100261,Yo-0,7416,,,1.0,,,,,,,,67.0,,,no,ONT,Flye_v2.7,Pool???,2024.0,yes,Lian,2024.0,NatGenet,10.1038/s41588-024-01715-9,https://www.nature.com/articles/s41588-024-01715-9,
100262,Istisu-1,10012,,100262.0,1.0,,False,,,,,,15.0,,,no,HiFi,hifiasm_v0.18,Pool,2024.0,yes,Lian,2024.0,NatGenet,10.1038/s41588-024-01715-9,https://www.nature.com/articles/s41588-024-01715-9,
100263,Lu-1,8334,,100263.0,1.0,,False,,,,,,12.0,,,no,HiFi,hifiasm_v0.18,Pool,2024.0,yes,Lian,2024.0,NatGenet,10.1038/s41588-024-01715-9,https://www.nature.com/articles/s41588-024-01715-9,
100264,Pa-1,8353,,100264.0,1.0,,False,,,,,,24.0,,,no,HiFi,hifiasm_v0.18,Pool,2024.0,yes,Lian,2024.0,NatGenet,10.1038/s41588-024-01715-9,https://www.nature.com/articles/s41588-024-01715-9,
100265,KBS-Mac-74,1741,,,1.0,,,,CS78969,,,,11.0,,,no,CLR,,Pool,2024.0,yes,Igolkina,2024.0,bioRxiv,,https://www.biorxiv.org/content/10.1101/2024.05.30.596703v1,
100266,Fly2-2,6024,,100034.0,2.0,,There is a HiFi from Tom,,CS76864,,,,12.0,,,no,CLR,,Pool,2024.0,yes,Igolkina,2024.0,bioRxiv,,https://www.biorxiv.org/content/10.1101/2024.05.30.596703v1,
100267,Nyl-7,6069,,,1.0,,,,CS77137,,,,9.0,,,no,CLR,,Pool,2024.0,yes,Igolkina,2024.0,bioRxiv,,https://www.biorxiv.org/content/10.1101/2024.05.30.596703v1,
100268,T690,6124,,,1.0,,,,CS77309,,,,12.0,,,no,CLR,,Pool,2024.0,yes,Igolkina,2024.0,bioRxiv,,https://www.biorxiv.org/content/10.1101/2024.05.30.596703v1,
100269,TRÄ 01,6244,,,1.0,,,,CS77384,,,,11.0,,,no,CLR,,Pool,2024.0,yes,Igolkina,2024.0,bioRxiv,,https://www.biorxiv.org/content/10.1101/2024.05.30.596703v1,
100270,Col-0,6909,,,1.0,,False,,CS76778,,,,11.0,,,no,CLR,,Pool,2024.0,yes,Igolkina,2024.0,bioRxiv,,https://www.biorxiv.org/content/10.1101/2024.05.30.596703v1,
100271,Sq-1,6966,,,1.0,,,,CS77266,,,,13.0,,,no,CLR,,Pool,2024.0,yes,Igolkina,2024.0,bioRxiv,,https://www.biorxiv.org/content/10.1101/2024.05.30.596703v1,
100272,HSm,8236,,,1.0,,,,CS76941,,,,10.0,,,no,CLR,,Pool,2024.0,yes,Igolkina,2024.0,bioRxiv,,https://www.biorxiv.org/content/10.1101/2024.05.30.596703v1,
100273,Lerik1-4,9075,,,1.0,,,,CS77023,,,,23.0,,,no,CLR,,Pool,2024.0,yes,Igolkina,2024.0,bioRxiv,,https://www.biorxiv.org/content/10.1101/2024.05.30.596703v1,
100274,IP-Cum-1,9537,,,1.0,,,,CS76787,,,,15.0,,,no,CLR,,Pool,2024.0,yes,Igolkina,2024.0,bioRxiv,,https://www.biorxiv.org/content/10.1101/2024.05.30.596703v1,
100275,IP-Gra-0,9543,,,1.0,,,,CS76886,,,,10.0,,,no,CLR,,Pool,2024.0,yes,Igolkina,2024.0,bioRxiv,,https://www.biorxiv.org/content/10.1101/2024.05.30.596703v1,
100276,Noveg-3,9638,,,1.0,,,,CS77133,,,,12.0,,,no,CLR,,Pool,2024.0,yes,Igolkina,2024.0,bioRxiv,,https://www.biorxiv.org/content/10.1101/2024.05.30.596703v1,
100277,Stiav-1,9728,,,1.0,,,,CS77279,,,,19.0,,,no,CLR,,Pool,2024.0,yes,Igolkina,2024.0,bioRxiv,,https://www.biorxiv.org/content/10.1101/2024.05.30.596703v1,
100278,Qar-8a,9764,,,1.0,,,,CS76581,,,,12.0,,,no,CLR,,Pool,2024.0,yes,Igolkina,2024.0,bioRxiv,,https://www.biorxiv.org/content/10.1101/2024.05.30.596703v1,
100279,IP-Pva-1,9888,,,1.0,,,,CS77197,,,,10.0,,,no,CLR,,Pool,2024.0,yes,Igolkina,2024.0,bioRxiv,,https://www.biorxiv.org/content/10.1101/2024.05.30.596703v1,
100280,IP-Ven-0,9905,,,1.0,,,,CS78840,,,,13.0,,,no,CLR,,Pool,2024.0,yes,Igolkina,2024.0,bioRxiv,,https://www.biorxiv.org/content/10.1101/2024.05.30.596703v1,
100281,Angit-1,9981,,,1.0,,,,CS76366,,,,8.0,,,no,CLR,,Pool,2024.0,yes,Igolkina,2024.0,bioRxiv,,https://www.biorxiv.org/content/10.1101/2024.05.30.596703v1,
100282,TueWa1-2,10002,,,1.0,,,,CS76405,,,,7.0,,,no,CLR,,Pool,2024.0,yes,Igolkina,2024.0,bioRxiv,,https://www.biorxiv.org/content/10.1101/2024.05.30.596703v1,
100283,Shahdara,6962,,,1.0,,,,CS929,,,,10.0,,,no,CLR,,Pool,2024.0,yes,Igolkina,2024.0,bioRxiv,,https://www.biorxiv.org/content/10.1101/2024.05.30.596703v1,
100284,Tnz-1,10024,,,1.0,,FALSE; different Name/ID,,CS77369,,,,17.0,,,no,CLR,,Pool,2024.0,yes,Igolkina,2024.0,bioRxiv,,https://www.biorxiv.org/content/10.1101/2024.05.30.596703v1,
100285,85-3,22001,,,1.0,,,,,,,,12.0,,,no,CLR,,Pool,2024.0,yes,Igolkina,2024.0,bioRxiv,,https://www.biorxiv.org/content/10.1101/2024.05.30.596703v1,
100286,85-3,22001,,,2.0,,,,,,,,12.0,,,no,CLR,,Pool,2024.0,yes,Igolkina,2024.0,bioRxiv,,https://www.biorxiv.org/content/10.1101/2024.05.30.596703v1,
100287,35-1,22002,,,1.0,,,,,,,,13.0,,,no,CLR,,Pool,2024.0,yes,Igolkina,2024.0,bioRxiv,,https://www.biorxiv.org/content/10.1101/2024.05.30.596703v1,
100288,Taz-0,22003,,,1.0,,,,CS799913,,,,9.0,,,no,CLR,,Pool,2024.0,yes,Igolkina,2024.0,bioRxiv,,https://www.biorxiv.org/content/10.1101/2024.05.30.596703v1,
100289,Elh-2,22004,,,1.0,,False,,CS799925,,,,9.0,,,no,CLR,,Pool,2024.0,yes,Igolkina,2024.0,bioRxiv,,https://www.biorxiv.org/content/10.1101/2024.05.30.596703v1,
100290,Rabacal-1,22005,,,1.0,,False,,CS2107642,,,,10.0,,,no,CLR,,Pool,2024.0,yes,Igolkina,2024.0,bioRxiv,,https://www.biorxiv.org/content/10.1101/2024.05.30.596703v1,
100291,Areeiro-1,22006,,,1.0,,,,635AV,,,,13.0,,,no,CLR,,Pool,2024.0,yes,Igolkina,2024.0,bioRxiv,,https://www.biorxiv.org/content/10.1101/2024.05.30.596703v1,
100292,ET-86.4,22007,,,1.0,,,,,,,,11.0,,,no,CLR,,Pool,2024.0,yes,Igolkina,2024.0,bioRxiv,,https://www.biorxiv.org/content/10.1101/2024.05.30.596703v1,
100293,Pent-46,2212,,,1.0,,,,,,,,7.0,,,yes,HiFi,hifiasm_v0.16.1-r375,Individual,2024.0,yes,Tao,2024.0,GenomeBiol,10.1186/s13059-024-03388-3,https://genomebiology.biomedcentral.com/articles/10.1186/s13059-024-03388-3,
100294,LI-EF-011,685,,100294.0,1.0,,,,,,,,4.0,,,yes,HiFi,hifiasm_v0.16.1-r375,Individual,2024.0,yes,Tao,2024.0,GenomeBiol,10.1186/s13059-024-03388-3,https://genomebiology.biomedcentral.com/articles/10.1186/s13059-024-03388-3,
100295,14INRCT07,22117,,,1.0,,,,,,,,5.0,,,yes,HiFi,hifiasm_v0.16.1-r375,Individual,2024.0,yes,Tao,2024.0,GenomeBiol,10.1186/s13059-024-03388-3,https://genomebiology.biomedcentral.com/articles/10.1186/s13059-024-03388-3,
100296,LI-EF-018,687,,,1.0,,,,,,,,13.0,,,yes,HiFi,hifiasm_v0.16.1-r375,Individual,2024.0,no,Tao,,unpublished,,,
100297,KEN,7475,,,1.0,,,,,,,,8.0,,,yes,HiFi,hifiasm_v0.16.1-r375,Individual,2024.0,no,Tao,,unpublished,,,
100298,15INRCT09,22118,,,1.0,,,,,,,,7.0,,,yes,HiFi,hifiasm_v0.16.1-r375,Individual,2024.0,no,Tao,,unpublished,,,
100299,MAR2-3,159,,100299.0,1.0,,False,,,,,,14.0,,,no,HiFi,hifiasm_v0.15.5-r350,Pool???,2024.0,no,Movilli,,unpublished,,,
100300,Ei-2,6915,,,1.0,,,,,,,,15.0,,,yes,HiFi,hifiasm_v0.15.5-r350,Pool???,2024.0,no,Movilli,,unpublished,,,
100301,Ler-1,6932,,100301.0,1.0,,False,,,,,,5.0,,,no,HiFi,hifiasm_v0.15.5-r350,Pool???,2024.0,no,Movilli,,unpublished,,,
100302,Nok-3,6945,,,1.0,,,,,,,,11.0,,,yes,HiFi,hifiasm_v0.15.5-r350,Pool???,2024.0,no,Movilli,,unpublished,,,
100303,Aa-0,7000,,,1.0,,,,,,,,12.0,,,yes,HiFi,hifiasm_v0.15.5-r350,Pool???,2024.0,no,Movilli,,unpublished,,,
100304,Baa-1,7002,,,1.0,,,,,,,,9.0,,,yes,HiFi,hifiasm_v0.15.5-r350,Pool???,2024.0,no,Movilli,,unpublished,,,
100305,Bs-1,7003,,,1.0,,,,,,,,7.0,,,yes,HiFi,hifiasm_v0.15.5-r350,Pool???,2024.0,no,Movilli,,unpublished,,,
100306,Bl-1,7025,,,1.0,,,,,,,,7.0,,,yes,HiFi,hifiasm_v0.15.5-r350,Pool???,2024.0,no,Movilli,,unpublished,,,
100307,Com-1,7092,,,1.0,,,,,,,,5.0,,,yes,HiFi,hifiasm_v0.15.5-r350,Pool???,2024.0,no,Movilli,,unpublished,,,
100308,Pi-0,7298,,100308.0,1.0,,False,,,,,,17.0,,,no,HiFi,hifiasm_v0.15.5-r350,Pool???,2024.0,no,Movilli,,unpublished,,,
100309,Sten-0,7346,,,1.0,,,,,,,,8.0,,,yes,HiFi,hifiasm_v0.15.5-r350,Pool???,2024.0,no,Movilli,,unpublished,,,
100310,Tscha-1,7372,,,1.0,,,,,,,,13.0,,,yes,HiFi,hifiasm_v0.15.5-r350,Pool???,2024.0,no,Movilli,,unpublished,,,
100311,Tsu-0,7373,,,1.0,,,,,,,,4.0,,,yes,HiFi,hifiasm_v0.15.5-r350,Pool???,2024.0,no,Movilli,,unpublished,,,
100312,Uk-1,7378,,,1.0,,,,,,,,9.0,,,yes,HiFi,hifiasm_v0.15.5-r350,Pool???,2024.0,no,Movilli,,unpublished,,,
100313,Est,7127,,,1.0,,,,,,,,8.0,,,yes,HiFi,hifiasm_v0.15.5-r350,Pool???,2024.0,no,Movilli,,unpublished,,,
100314,Tsu-0,7373,,,2.0,,,,,,,,4.0,,,yes,HiFi,hifiasm_v0.19.2,Pool???,2024.0,no,Movilli,,unpublished,,,
100315,Kondara,6929,,,1.0,,,,CS76532,,,,17.0,,,no,HiFi,hifiasm_v0.15.4,Pool,2024.0,no,Teasdale,2024.0,bioRxiv,,https://www.biorxiv.org/content/10.1101/2024.09.02.610789v1,
100316,Lag1-6,9104,,,1.0,,,,CS77001,,,,14.0,,,no,HiFi,hifiasm_v0.15.4,Pool,2024.0,no,Teasdale,2024.0,bioRxiv,,https://www.biorxiv.org/content/10.1101/2024.09.02.610789v1,
100317,IP-Sac-0,9578,,,1.0,,,,CS77229,,,,14.0,,,no,HiFi,hifiasm_v0.15.4,Pool,2024.0,no,Teasdale,2024.0,bioRxiv,,https://www.biorxiv.org/content/10.1101/2024.09.02.610789v1,
100318,T850,6137,,,1.0,,,,CS77320,,,,19.0,,,no,HiFi,hifiasm_v0.15.4,Pool,2024.0,no,Teasdale,2024.0,bioRxiv,,https://www.biorxiv.org/content/10.1101/2024.09.02.610789v1,
100319,IP-Per-0,9879,,100319.0,1.0,,False,,CS77169,,,,29.0,,,no,HiFi,hifiasm_v0.15.4,Pool,2023.0,yes,Teasdale,2024.0,bioRxiv,,https://www.biorxiv.org/content/10.1101/2024.09.02.610789v1,
100320,IP-Moa-0,9557,,,1.0,,,,,,,,9.0,,,yes,HiFi,hifiasm_v0.16.1-r375,Individual,2024.0,no,Lucke,,unpublished,,,
100321,Tü-NK-12,9811,,,,,,Not avaiable,CS77395 ,,,,,,,no,HiFi,,,,,Schwab,,unpublished,,,
100322,PA2338,22119,,,,,,Not avaiable,,,,,,,,no,HiFi,,,,,Schwab,,unpublished,,,
100323,Col-0,6909,MA32-59,,1.0,,False,,,,,,7.0,,,no,HiFi,hifiasm_v0.16.1-r375,Individual,2024.0,no,Rabanal,,unpublished,,,
100324,Col-0,6909,MA32-69,,1.0,,False,,,,,,8.0,,,no,HiFi,hifiasm_v0.16.1-r375,Individual,2024.0,no,Rabanal,,unpublished,,,
100325,Col-0,6909,MA32-89,,1.0,,False,,,,,,7.0,,,no,HiFi,hifiasm_v0.16.1-r375,Individual,2024.0,no,Rabanal,,unpublished,,,
100326,Col-0,6909,MA32-119,,1.0,,False,,,,,,6.0,,,no,HiFi,hifiasm_v0.16.1-r375,Individual,2024.0,no,Rabanal,,unpublished,,,
100327,Jm-0,8313,,,1.0,,,,,,,,9.0,,,yes,HiFi,hifiasm_v0.16.1-r375,Individual,2024.0,yes,Gorringe,2025.0,bioRxiv,,https://www.biorxiv.org/content/10.1101/2025.01.04.631303v1,
100328,Jl-3,7424,,,1.0,,,,,,,,9.0,,,yes,HiFi,hifiasm_v0.16.1-r375,Individual,2024.0,no,Rabanal,,unpublished,,,
100329,Ha-P-13,9786,,,1.0,,,,CS76901,,,,7.0,,,yes,HiFi,hifiasm_v0.16.1_Canu_v2.1.39,Individual,2024.0,yes,Rabanal,,unpublished,,,
100330,Ale-Stenar-64-24,1002,,,1.0,,,,,,,,11.0,,,yes,HiFi,hifiasm_v0.16.1-r375,Individual,2024.0,no,Rabanal,,unpublished,,,
100331,TRÄ 01,6244,,,,,,,,,,,3.0,,,yes,HiFi,hifiasm_v0.24.0,Individual,,no,Rabanal,,unpublished,,,
100332,2024-05-15 00:00:00,22120,,,1.0,,,,,,,,43.0,,,no,CLR,Canu_v1.4,Did_not_say,2024.0,yes,Jiang,2024.0,PlantCell,10.1093/plcell/koad296,https://academic.oup.com/plcell/article-abstract/36/4/840/7456361?redirectedFrom=fulltext&login=false,
100333,Aitba-2,9939,,,1.0,,,,CS76347,31.48,-7.45,,43.0,,,no,ONT,flye_v2.9.2,Pool???,2024.0,yes,Kileeg,2024.0,GenomeBiolEvol,10.1093/gbe/evae169,https://academic.oup.com/gbe/article/16/8/evae169/7727391?login=false,
100334,Baa-1,7002,,,1.0,,,,CS76442,51.3333,6.1,,42.0,,,no,ONT,flye_v2.9.2,Pool???,2024.0,yes,Kileeg,2024.0,GenomeBiolEvol,10.1093/gbe/evae169,https://academic.oup.com/gbe/article/16/8/evae169/7727391?login=false,
100335,Con-0,9837,,,1.0,,,,CS76780,37.94,-5.6,,1.0,,,no,ONT,flye_v2.9.2,Pool???,2024.0,yes,Kileeg,2024.0,GenomeBiolEvol,10.1093/gbe/evae169,https://academic.oup.com/gbe/article/16/8/evae169/7727391?login=false,
100336,DraIV 6-22,5993,,,1.0,,,,CS76823,49.4112,16.2815,,30.0,,,no,ONT,flye_v2.9.2,Pool???,2024.0,yes,Kileeg,2024.0,GenomeBiolEvol,10.1093/gbe/evae169,https://academic.oup.com/gbe/article/16/8/evae169/7727391?login=false,
100337,Moj-0,9869,,,1.0,,,,CS77105,36.76,-5.28,,5.0,,,no,ONT,flye_v2.9.2,Pool???,2024.0,yes,Kileeg,2024.0,GenomeBiolEvol,10.1093/gbe/evae169,https://academic.oup.com/gbe/article/16/8/evae169/7727391?login=false,
100338,Mt-0,6939,,,1.0,,False,,CS1380,32.34,22.46,,13.0,,,no,ONT,flye_v2.9.2,Pool???,2024.0,yes,Kileeg,2024.0,GenomeBiolEvol,10.1093/gbe/evae169,https://academic.oup.com/gbe/article/16/8/evae169/7727391?login=false,
100339,Ped-0,9947,,,1.0,,,,CS76415,40.74,-3.9,,46.0,,,no,ONT,flye_v2.9.2,Pool???,2024.0,yes,Kileeg,2024.0,GenomeBiolEvol,10.1093/gbe/evae169,https://academic.oup.com/gbe/article/16/8/evae169/7727391?login=false,
100340,Yeg-8,9134,,,1.0,,,,CS78868,39.8692,45.3622,,4.0,,,no,ONT,flye_v2.9.2,Pool???,2024.0,yes,Kileeg,2024.0,GenomeBiolEvol,10.1093/gbe/evae169,https://academic.oup.com/gbe/article/16/8/evae169/7727391?login=false,
100341,Anz-0,9759,,,1.0,,,,CS76439,37.47,49.47,,13.0,,,no,ONT,Flye_v2.9-b1768,,2024.0,under review,Baduel,,under review,,,
100342,BÃ5-1,8259,,,1.0,,,,CS76678,56.4,2024-09-12 00:00:00,,12.0,,,no,ONT,Flye_v2.9-b1768,,2024.0,under review,Baduel,,under review,,,
100343,Cvi-0,6911,,,1.0,,,,CS76789,15.1111,-23.6167,,14.0,,,no,ONT,Flye_v2.9-b1768,,2024.0,under review,Baduel,,under review,,,
100344,Dolna-1-10,9700,,,1.0,,,,CS76803,42.32,2024-01-23 00:00:00,,9.0,,,no,ONT,Flye_v2.9-b1768,,2024.0,under review,Baduel,,under review,,,
100345,Eden-1,6009,,,1.0,,,,CS76826,62.877,18.177,,19.0,,,no,ONT,Flye_v2.9-b1768,,2024.0,under review,Baduel,,under review,,,
100346,En-D,7120,,,1.0,,,,CS76482,50.0,2024-05-08 00:00:00,,19.0,,,no,ONT,Flye_v2.9-b1768,,2024.0,under review,Baduel,,under review,,,
100347,Esp1-11,9908,,,1.0,,,,CS76847,50.72,3.47,,10.0,,,no,ONT,Flye_v2.9-b1768,,2024.0,under review,Baduel,,under review,,,
100348,Etna-2,9762,,,1.0,,,,CS76487,37.69,14.98,,20.0,,,no,ONT,Flye_v2.9-b1768,,2024.0,under review,Baduel,,under review,,,
100349,IP-Vdm-0,9594,,,1.0,,,,CS78837,42.04,2024-01-01 00:00:00,,15.0,,,no,ONT,nextDenovo_v2.5.0,,2024.0,under review,Baduel,,under review,,,
100350,IP-Fun-0,9542,,,1.0,,,,CS76872,40.79,-4.05,,12.0,,,no,ONT,Flye_v2.9-b1768,,2024.0,under review,Baduel,,under review,,,
100351,IP-Pal-0,9567,,,1.0,,,,CS77159,42.34,2024-03-01 00:00:00,,44.0,,,no,ONT,Flye_v2.9-b1768,,2024.0,under review,Baduel,,under review,,,
100352,Kas-1,7183,,,1.0,,,,CS79018,35.0,77,,8.0,,,no,ONT,Flye_v2.9-b1768,,2024.0,under review,Baduel,,under review,,,
100353,Lag2-4,9111,,,1.0,,,,CS77005,41.8296,46.2831,,14.0,,,no,ONT,Flye_v2.9-b1768,,2024.0,under review,Baduel,,under review,,,
100354,Ler-0,7213,,,1.0,,,,CS77020,47.984,8719-10-01 00:00:00,,9.0,,,no,ONT,Flye_v2.9-b1768,,2024.0,under review,Baduel,,under review,,,
100355,Lerik1-7,9078,,,1.0,,,,CS77024,38.7406,48.6131,,14.0,,,no,ONT,Flye_v2.9-b1768,,2024.0,under review,Baduel,,under review,,,
100356,MNF-Pin-40,2017,,,1.0,,,,CS78982,43.5356,-86.1788,,32.0,,,no,ONT,Flye_v2.9-b1768,,2024.0,under review,Baduel,,under review,,,
100357,Sij-1,9745,,,1.0,,,,CS77249,41.45,70.05,,12.0,,,no,ONT,Flye_v2.9-b1768,,2024.0,under review,Baduel,,under review,,,
100358,T930,6145,,,1.0,,,,CS77324,55.9497,13.5533,,19.0,,,no,ONT,nextDenovo_v2.5.0,,2024.0,under review,Baduel,,under review,,,
100359,Taa-14,6163,,,1.0,,,,CS77331,62.6425,17.7356,,17.0,,,no,ONT,Flye_v2.9-b1768,,2024.0,under review,Baduel,,under review,,,
100360,Tac-0,7350,,,1.0,,,,CS76609,47.2413,-122.459,,11.0,,,no,ONT,Flye_v2.9-b1768,,2024.0,under review,Baduel,,under review,,,
100361,627RMX-1MN5,7530,,,1.0,,,,CS79023,42.0333,-86.5128,,12.0,,,no,ONT,nextDenovo_v2.5.0,,2024.0,no,,,unpublished,,,
100362,Ãngs-74-430,1317,,,1.0,,,,CS76665,59.5667,16.8667,,20.0,,,no,ONT,nextDenovo_v2.5.0,,2024.0,no,,,unpublished,,,
100363,Bach2-1,9796,,,1.0,,,,CS76680,48.41,8.84,,12.0,,,no,ONT,nextDenovo_v2.5.0,,2024.0,no,,,unpublished,,,
100364,Boo2-3,5836,,,1.0,,,,CS77906,55.86,13.51,,23.0,,,no,ONT,Flye_v2.9-b1768,,2024.0,no,,,unpublished,,,
100365,Bur-0,7058,,,1.0,,,,CS76734,54.1,-6.2,,13.0,,,no,ONT,nextDenovo_v2.5.0,,2024.0,no,,,unpublished,,,
100366,C24,6906,,,1.0,,,,,40.2077,-8.42639,,22.0,,,no,ONT,Flye_v2.9-b1768,,2024.0,no,,,unpublished,,,
100367,Castelfed-4-210,9694,,,1.0,,,,CS78891,46.3378,2928-11-01 00:00:00,,16.0,,,no,ONT,Flye_v2.9-b1768,,2024.0,no,,,unpublished,,,
100368,Castelfed-4-211,9695,,,1.0,,,,CS78892,46.3378,2928-11-01 00:00:00,,13.0,,,no,ONT,Flye_v2.9-b1768,,2024.0,no,,,unpublished,,,
100369,CATS-6,9937,,,1.0,,,,CS76760,50.79,2.69,,14.0,,,no,ONT,Flye_v2.9-b1768,,2024.0,no,,,unpublished,,,
100370,Ct-1,7067,,,1.0,,,,CS76786,37.3,15,,18.0,,,no,ONT,Flye_v2.9-b1768,,2024.0,no,,,unpublished,,,
100371,UKSE06-491,5249,,,1.0,,,,CS79003,51.2,0.3,,14.0,,,no,ONT,Flye_v2.9-b1768,,2024.0,no,,,unpublished,,,
100372,Di-G,7096,,,1.0,,,,CS76472,47.3239,5.04278,,12.0,,,no,ONT,nextDenovo_v2.5.0,,2024.0,no,,,unpublished,,,
100373,Dolna-1-40,9712,,,1.0,,,,CS76805,42.32,2024-01-23 00:00:00,,26.0,,,no,ONT,Flye_v2.9-b1768,,2024.0,no,,,unpublished,,,
100374,Eden-5,6010,,,1.0,,,,CS78000,62.877,18.177,,19.0,,,no,ONT,Flye_v2.9-b1768,,2024.0,no,,,unpublished,,,
100375,Eds-9,6017,,,1.0,,,,CS76835,62.9,2024-04-18 00:00:00,,20.0,,,no,ONT,nextDenovo_v2.5.0,,2024.0,no,,,unpublished,,,
100376,Fri-1,9381,,,1.0,,,,CS76868,55.8106,14.2091,,16.0,,,no,ONT,nextDenovo_v2.5.0,,2024.0,no,,,unpublished,,,
100377,IP-Her-12,9545,,,1.0,,,,CS76920,39.4,-5.78,,16.0,,,no,ONT,Flye_v2.9-b1768,,2024.0,no,,,unpublished,,,
100378,IP-Hum-2,9549,,,1.0,,,,CS76943,42.23,-3.69,,20.0,,,no,ONT,Flye_v2.9-b1768,,2024.0,no,,,unpublished,,,
100379,IP-Nog-17,9564,,,1.0,,,,CS77129,40.45,-1.6,,67.0,,,no,ONT,Flye_v2.9-b1768,,2024.0,no,,,unpublished,,,
100380,IP-Alm-0,9518,,,1.0,,,,CS76660,39.88,-0.36,,37.0,,,no,ONT,Flye_v2.9-b1768,,2024.0,no,,,unpublished,,,
100381,IP-Cat-0,9832,,,1.0,,,,CS76759,40.54,-3.69,,12.0,,,no,ONT,Flye_v2.9-b1768,,2024.0,no,,,unpublished,,,
100382,IP-Cem-0,9533,,,1.0,,,,CS76763,41.15,-4.32,,16.0,,,no,ONT,Flye_v2.9-b1768,,2024.0,no,,,unpublished,,,
100383,IP-Gra-0,9543,,,1.0,,,,CS76886,36.77,-5.39,,107.0,,,no,ONT,Flye_v2.9-b1768,,2024.0,no,,,unpublished,,,
100384,IP-Moa-0,9557,,,1.0,,,,CS77102,42.46,0.7,,10.0,,,no,ONT,Flye_v2.9-b1768,,2024.0,no,,,unpublished,,,
100385,IP-Pan-0,9568,,,1.0,,,,CS77160,42.76,-0.23,,17.0,,,no,ONT,Flye_v2.9-b1768,,2024.0,no,,,unpublished,,,
100386,IP-Per-0,9879,,,1.0,,There is an ONT that looks better,,CS77169,37.6,-1.12,,13.0,,,no,ONT,Flye_v2.9-b1768,,2024.0,no,,,unpublished,,,
100387,IP-Pun-0,9887,,,1.0,,,,CS77196,40.4,-4.77,,21.0,,,no,ONT,Flye_v2.9-b1768,,2024.0,no,,,unpublished,,,
100388,IP-Tol-7,9588,,,1.0,,,,CS77371,42.11,0.6,,20.0,,,no,ONT,Flye_v2.9-b1768,,2024.0,no,,,unpublished,,,
100389,IP-Vaz-0,9593,,,1.0,,,,CS78836,42.26,-2.99,,57.0,,,no,ONT,Flye_v2.9-b1768,,2024.0,no,,,unpublished,,,
100390,IP-Vis-0,9600,,,1.0,,,,CS78848,39.85,-6.04,,16.0,,,no,ONT,nextDenovo_v2.5.0,,2024.0,no,,,unpublished,,,
100391,Kas-2,8424,,,1.0,,,,CS78905,35.0,77,,9.0,,,no,ONT,nextDenovo_v2.5.0,,2024.0,no,,,unpublished,,,
100392,Ker-5,1757,,,1.0,,,,CS78971,42.184,-86.358,,17.0,,,no,ONT,Flye_v2.9-b1768,,2024.0,no,,,unpublished,,,
100393,KNO2-54,7767,,,1.0,,,,CS79026,41.273,-86.625,,18.0,,,no,ONT,Flye_v2.9-b1768,,2024.0,no,,,unpublished,,,
100394,Krazo-1,9616,,,1.0,,,,CS76984,53.06,51.96,,14.0,,,no,ONT,Flye_v2.9-b1768,,2024.0,no,,,unpublished,,,
100395,Kru-3,9416,,,1.0,,,,CS76986,57.7215,18.3837,,10.0,,,no,ONT,Flye_v2.9-b1768,,2024.0,no,,,unpublished,,,
100396,Lag1-2,9100,,,1.0,,,,CS76998,41.8296,46.2831,,17.0,,,no,ONT,Flye_v2.9-b1768,,2024.0,no,,,unpublished,,,
100397,Lag1-7,9105,,,1.0,,,,CS77002,41.8296,46.2831,,10.0,,,no,ONT,nextDenovo_v2.5.0,,2024.0,no,,,unpublished,,,
100398,Lerik2-7,9085,,,1.0,,,,CS77029,38.7833,48.5517,,15.0,,,no,ONT,nextDenovo_v2.5.0,,2024.0,no,,,unpublished,,,
100399,LI-EF-011,685,,,1.0,,,,CS78954,40.9064,-73.1493,,29.0,,,no,ONT,Flye_v2.9-b1768,,2024.0,no,,,unpublished,,,
100400,LI-WP-039,544,,,1.0,,,,CS78949,40.9076,-73.2089,,21.0,,,no,ONT,Flye_v2.9-b1768,,2024.0,no,,,unpublished,,,
100401,Lov-1,6043,,,1.0,,,,CS77049,62.801,18.079,,13.0,,,no,ONT,nextDenovo_v2.5.0,,2024.0,no,,,unpublished,,,
100402,Lv-5,6046,,,1.0,,,,CS77050,62.801,18.079,,16.0,,,no,ONT,Flye_v2.9-b1768,,2024.0,no,,,unpublished,,,
100403,MIA-1,853,,,1.0,,,,CS78958,41.7976,-86.6691,,25.0,,,no,ONT,Flye_v2.9-b1768,,2024.0,no,,,unpublished,,,
100404,MIA-5,854,,,1.0,,,,CS78959,41.7976,-86.6691,,21.0,,,no,ONT,Flye_v2.9-b1768,,2024.0,no,,,unpublished,,,
100405,Neo-6,772,,,1.0,,,,CS76560,37.35,72.4667,,12.0,,,no,ONT,Flye_v2.9-b1768,,2024.0,no,,,unpublished,,,
100406,NFA-10,6943,,,1.0,,,,CS77126,51.4083,-0.6383,,16.0,,,no,ONT,Flye_v2.9-b1768,,2024.0,no,,,unpublished,,,
100407,Nyl-13,9433,,,1.0,,,,CS77135,62.9513,18.2763,,16.0,,,no,ONT,Flye_v2.9-b1768,,2024.0,no,,,unpublished,,,
100408,Nyl-7,6069,,,1.0,,,,CS77137,62.9513,18.2763,,16.0,,,no,ONT,nextDenovo_v2.5.0,,2024.0,no,,,unpublished,,,
100409,OOE2-1,19949,,,1.0,,,,CS79036,48.3268333,14.7181667,,10.0,,,no,ONT,nextDenovo_v2.5.0,,2024.0,no,,,unpublished,,,
100410,OOE23,19951,,,1.0,,,,CS79038,48.3268333,14.7181667,,15.0,,,no,ONT,Flye_v2.9-b1768,,2024.0,no,,,unpublished,,,
100411,OOE3-1,15592,,,1.0,,,,CS78940,48.3314667,14.7158667,,13.0,,,no,ONT,Flye_v2.9-b1768,,2024.0,no,,,unpublished,,,
100412,Qar-8a,9764,,,1.0,,,,CS76581,34.1,35.84,,15.0,,,no,ONT,Flye_v2.9-b1768,,2024.0,no,,,unpublished,,,
100413,Samm,18696,,,1.0,,,,CS78929,61.57,30.63,,15.0,,,no,ONT,Flye_v2.9-b1768,,2024.0,no,,,unpublished,,,
100414,Sf-2,7328,,,1.0,,,,CS77247,41.7833,3.03333,,16.0,,,no,ONT,nextDenovo_v2.5.0,,2024.0,no,,,unpublished,,,
100415,Sr:3,6086,,,1.0,,,,CS77267,58.9,2024-02-11 00:00:00,,10.0,,,no,ONT,Flye_v2.9-b1768,,2024.0,no,,,unpublished,,,
100416,T1160,6104,,,1.0,,,,CS77296,55.7,2024-02-13 00:00:00,,17.0,,,no,ONT,Flye_v2.9-b1768,,2024.0,no,,,unpublished,,,
100417,T610,6118,,,1.0,,,,CS77307,55.7,2024-02-13 00:00:00,,13.0,,,no,ONT,nextDenovo_v2.5.0,,2024.0,no,,,unpublished,,,
100418,T890,6141,,,1.0,,,,CS78079,55.9414,13.5542,,30.0,,,no,ONT,nextDenovo_v2.5.0,,2024.0,no,,,unpublished,,,
100419,Ta-0,7349,,,1.0,,,,CS76608,49.5,2024-05-14 00:00:00,,25.0,,,no,ONT,Flye_v2.9-b1768,,2024.0,no,,,unpublished,,,
100420,TOM-01,6235,,,1.0,,,,CS77372,62.9611,18.3589,,18.0,,,no,ONT,Flye_v2.9-b1768,,2024.0,no,,,unpublished,,,
100421,Tsu-0,7373,,,1.0,,,,CS77389,34.43,136.31,,14.0,,,no,ONT,Flye_v2.9-b1768,,2024.0,no,,,unpublished,,,
100422,TV-30,6276,,,1.0,,,,CS78769,55.5796,14.3336,,9.0,,,no,ONT,nextDenovo_v2.5.0,,2024.0,no,,,unpublished,,,
100423,UKID93,5798,,,1.0,,,,CS79010,53.1,-3.3,,11.0,,,no,ONT,nextDenovo_v2.5.0,,2024.0,no,,,unpublished,,,
100424,UKSW06-257,4857,,,1.0,,,,CS79001,50.3,-4.9,,13.0,,,no,ONT,Flye_v2.9-b1768,,2024.0,no,,,unpublished,,,
100425,UKSW06-240,4840,,,1.0,,,,CS79000,50.4,-4.9,,16.0,,,no,ONT,Flye_v2.9-b1768,,2024.0,no,,,unpublished,,,
100426,UKSE06-541,5279,,,1.0,,,,CS79004,51.3,2024-01-01 00:00:00,,15.0,,,no,ONT,nextDenovo_v2.5.0,,2024.0,no,,,unpublished,,,
100427,Yeg-7,9133,,,1.0,,,,CS78867,39.8692,45.3622,,11.0,,,no,ONT,Flye_v2.9-b1768,,2024.0,no,,,unpublished,,,
100428,Yeg-8,9134,,,1.0,,,,CS78868,39.8692,45.3622,,14.0,,,no,ONT,Flye_v2.9-b1768,,2024.0,no,,,unpublished,,,
100429,Zu-0,7417,,,1.0,,,,CS78880,47.3667,8.55,,15.0,,,no,ONT,nextDenovo_v2.5.0,,2024.0,no,,,unpublished,,,
