accession,name,submitter,date,chromosomes,contigs,ftp_path,biosample,bioproject,ecotype,sample_name,submission_date
GCA_036942975.1,ASM3694297v1,PRJEB62038,,,14722447,ftp://ftp.ncbi.nlm.nih.gov/genomes/all/GCA/036/942/975/GCA_036942975.1_ASM3694297v1/GCA_036942975.1_ASM3694297v1,SAMN38034183,,KZ9,,Kazakhstan
GCA_036942965.1,ASM3694296v1,PRJEB62038,,,13972119,ftp://ftp.ncbi.nlm.nih.gov/genomes/all/GCA/036/942/965/GCA_036942965.1_ASM3694296v1/GCA_036942965.1_ASM3694296v1,SAMN38034181,,Ita-0,,Morocco
GCA_036942575.1,ASM3694257v1,PRJEB62038,,,14006506,ftp://ftp.ncbi.nlm.nih.gov/genomes/all/GCA/036/942/575/GCA_036942575.1_ASM3694257v1/GCA_036942575.1_ASM3694257v1,SAMN38034179,,Cvi-0,,Portugal
GCA_036942445.1,ASM3694244v1,PRJEB62038,,,14242192,ftp://ftp.ncbi.nlm.nih.gov/genomes/all/GCA/036/942/445/GCA_036942445.1_ASM3694244v1/GCA_036942445.1_ASM3694244v1,SAMN38034172,,Bla-1,,Spain
GCA_036942435.1,ASM3694243v1,PRJEB62038,,,14714264,ftp://ftp.ncbi.nlm.nih.gov/genomes/all/GCA/036/942/435/GCA_036942435.1_ASM3694243v1/GCA_036942435.1_ASM3694243v1,SAMN38034177,,Col-0,,Poland
GCA_036942405.1,ASM3694240v1,PRJEB62038,,,14677118,ftp://ftp.ncbi.nlm.nih.gov/genomes/all/GCA/036/942/405/GCA_036942405.1_ASM3694240v1/GCA_036942405.1_ASM3694240v1,SAMN38034167,,Are-1,,Portugal
GCA_036942075.1,ASM3694207v1,PRJEB62038,,,19988671,ftp://ftp.ncbi.nlm.nih.gov/genomes/all/GCA/036/942/075/GCA_036942075.1_ASM3694207v1/GCA_036942075.1_ASM3694207v1,SAMN38034165,,Toufl-1,,Morocco
GCA_036941985.1,ASM3694198v1,PRJEB62038,,,14071672,ftp://ftp.ncbi.nlm.nih.gov/genomes/all/GCA/036/941/985/GCA_036941985.1_ASM3694198v1/GCA_036941985.1_ASM3694198v1,SAMN38034164,,Nemrut-1,,Turkey
GCA_036941915.1,ASM3694191v1,PRJEB62038,,,13541713,ftp://ftp.ncbi.nlm.nih.gov/genomes/all/GCA/036/941/915/GCA_036941915.1_ASM3694191v1/GCA_036941915.1_ASM3694191v1,SAMN38034163,,Dog-4,,Turkey
GCA_036941785.1,ASM3694178v1,PRJEB62038,,,18237250,ftp://ftp.ncbi.nlm.nih.gov/genomes/all/GCA/036/941/785/GCA_036941785.1_ASM3694178v1/GCA_036941785.1_ASM3694178v1,SAMN38034161,,Valsi-1,,Italy
GCA_036941635.1,ASM3694163v1,PRJEB62038,,,11056060,ftp://ftp.ncbi.nlm.nih.gov/genomes/all/GCA/036/941/635/GCA_036941635.1_ASM3694163v1/GCA_036941635.1_ASM3694163v1,SAMN38034160,,PYL-1,,France
GCA_036941465.1,ASM3694146v1,PRJEB62038,,,13504901,ftp://ftp.ncbi.nlm.nih.gov/genomes/all/GCA/036/941/465/GCA_036941465.1_ASM3694146v1/GCA_036941465.1_ASM3694146v1,SAMN38034159,,Zin9,,Morocco
GCA_036941295.1,ASM3694129v1,PRJEB62038,,,22451797,ftp://ftp.ncbi.nlm.nih.gov/genomes/all/GCA/036/941/295/GCA_036941295.1_ASM3694129v1/GCA_036941295.1_ASM3694129v1,SAMN38034158,,ws-4,,Belarus
GCA_036941165.1,ASM3694116v1,PRJEB62038,,,6863648,ftp://ftp.ncbi.nlm.nih.gov/genomes/all/GCA/036/941/165/GCA_036941165.1_ASM3694116v1/GCA_036941165.1_ASM3694116v1,SAMN38034157,,Taz-0,,Morocco
GCA_036940995.1,ASM3694099v1,PRJEB62038,,,14499733,ftp://ftp.ncbi.nlm.nih.gov/genomes/all/GCA/036/940/995/GCA_036940995.1_ASM3694099v1/GCA_036940995.1_ASM3694099v1,SAMN38034156,,Tanz-1,,Tanzania
GCA_036940825.1,ASM3694082v1,PRJEB62038,,,12878610,ftp://ftp.ncbi.nlm.nih.gov/genomes/all/GCA/036/940/825/GCA_036940825.1_ASM3694082v1/GCA_036940825.1_ASM3694082v1,SAMN38034155,,Stw-0,,Russia
GCA_036940715.1,ASM3694071v1,PRJEB62038,,,9672734,ftp://ftp.ncbi.nlm.nih.gov/genomes/all/GCA/036/940/715/GCA_036940715.1_ASM3694071v1/GCA_036940715.1_ASM3694071v1,SAMN38034154,,St-0,,Sweden
GCA_036940645.1,ASM3694064v1,PRJEB62038,,,8710807,ftp://ftp.ncbi.nlm.nih.gov/genomes/all/GCA/036/940/645/GCA_036940645.1_ASM3694064v1/GCA_036940645.1_ASM3694064v1,SAMN38034153,,Rab-R1,,Portugal
GCA_036940635.1,ASM3694063v1,PRJEB62038,,,12862919,ftp://ftp.ncbi.nlm.nih.gov/genomes/all/GCA/036/940/635/GCA_036940635.1_ASM3694063v1/GCA_036940635.1_ASM3694063v1,SAMN38034152,,Ice-1,,Iceland
GCA_036940625.1,ASM3694062v1,PRJEB62038,,,19614667,ftp://ftp.ncbi.nlm.nih.gov/genomes/all/GCA/036/940/625/GCA_036940625.1_ASM3694062v1/GCA_036940625.1_ASM3694062v1,SAMN38034151,,Tul-0,,USA
GCA_036940615.1,ASM3694061v1,PRJEB62038,,,14819018,ftp://ftp.ncbi.nlm.nih.gov/genomes/all/GCA/036/940/615/GCA_036940615.1_ASM3694061v1/GCA_036940615.1_ASM3694061v1,SAMN38034150,,Sf-2,,Spain
GCA_036940605.1,ASM3694060v1,PRJEB62038,,,13373708,ftp://ftp.ncbi.nlm.nih.gov/genomes/all/GCA/036/940/605/GCA_036940605.1_ASM3694060v1/GCA_036940605.1_ASM3694060v1,SAMN38034149,,Qar-8a,,Lebanon
GCA_036940415.1,ASM3694041v1,PRJEB62038,,,20694412,ftp://ftp.ncbi.nlm.nih.gov/genomes/all/GCA/036/940/415/GCA_036940415.1_ASM3694041v1/GCA_036940415.1_ASM3694041v1,SAMN38034148,,No-0,,Germany
GCA_036940405.1,ASM3694040v1,PRJEB62038,,,10674293,ftp://ftp.ncbi.nlm.nih.gov/genomes/all/GCA/036/940/405/GCA_036940405.1_ASM3694040v1/GCA_036940405.1_ASM3694040v1,SAMN38034147,,N13,,Russia
GCA_036940335.1,ASM3694033v1,PRJEB62038,,,10578066,ftp://ftp.ncbi.nlm.nih.gov/genomes/all/GCA/036/940/335/GCA_036940335.1_ASM3694033v1/GCA_036940335.1_ASM3694033v1,SAMN38034146,,Etna-2,,Italy
GCA_036940305.1,ASM3694030v1,PRJEB62038,,,16268105,ftp://ftp.ncbi.nlm.nih.gov/genomes/all/GCA/036/940/305/GCA_036940305.1_ASM3694030v1/GCA_036940305.1_ASM3694030v1,SAMN38034144,,Edi-0,,United Kingdom
GCA_036939995.1,ASM3693999v1,PRJEB62038,,,12744662,ftp://ftp.ncbi.nlm.nih.gov/genomes/all/GCA/036/939/995/GCA_036939995.1_ASM3693999v1/GCA_036939995.1_ASM3693999v1,SAMN38034145,,Elh-2,,Morocco
GCA_036938785.1,ASM3693878v1,PRJEB62038,,,8823521,ftp://ftp.ncbi.nlm.nih.gov/genomes/all/GCA/036/938/785/GCA_036938785.1_ASM3693878v1/GCA_036938785.1_ASM3693878v1,SAMN38034143,,Zal-1,,Kyrgyzstan
GCA_036937985.1,ASM3693798v1,PRJEB62038,,,9960636,ftp://ftp.ncbi.nlm.nih.gov/genomes/all/GCA/036/937/985/GCA_036937985.1_ASM3693798v1/GCA_036937985.1_ASM3693798v1,SAMN38034141,,Sah-0,,Spain
GCA_036937815.1,ASM3693781v1,PRJEB62038,,,6946514,ftp://ftp.ncbi.nlm.nih.gov/genomes/all/GCA/036/937/815/GCA_036937815.1_ASM3693781v1/GCA_036937815.1_ASM3693781v1,SAMN38034142,,Sus-1,,Kyrgyzstan
GCA_036937805.1,ASM3693780v1,PRJEB62038,,,7262704,ftp://ftp.ncbi.nlm.nih.gov/genomes/all/GCA/036/937/805/GCA_036937805.1_ASM3693780v1/GCA_036937805.1_ASM3693780v1,SAMN38034140,,Rubezhnoe-1,,Ukraine
GCA_036937515.1,ASM3693751v1,PRJEB62038,,,12733665,ftp://ftp.ncbi.nlm.nih.gov/genomes/all/GCA/036/937/515/GCA_036937515.1_ASM3693751v1/GCA_036937515.1_ASM3693751v1,SAMN38034139,,RRS10,,USA
GCA_036937505.1,ASM3693750v1,PRJEB62038,,,10478321,ftp://ftp.ncbi.nlm.nih.gov/genomes/all/GCA/036/937/505/GCA_036937505.1_ASM3693750v1/GCA_036937505.1_ASM3693750v1,SAMN38034138,,Kar-1,,Kyrgyzstan
GCA_036937475.1,ASM3693747v1,PRJEB62038,,,15084202,ftp://ftp.ncbi.nlm.nih.gov/genomes/all/GCA/036/937/475/GCA_036937475.1_ASM3693747v1/GCA_036937475.1_ASM3693747v1,SAMN38034137,,Altai-5,,China
GCA_036937465.1,ASM3693746v1,PRJEB62038,,,15207294,ftp://ftp.ncbi.nlm.nih.gov/genomes/all/GCA/036/937/465/GCA_036937465.1_ASM3693746v1/GCA_036937465.1_ASM3693746v1,SAMN38034135,,Rld-2,,Russia
GCA_036937455.1,ASM3693745v1,PRJEB62038,,,18157913,ftp://ftp.ncbi.nlm.nih.gov/genomes/all/GCA/036/937/455/GCA_036937455.1_ASM3693745v1/GCA_036937455.1_ASM3693745v1,SAMN38034136,,Abd-0,,United Kingdom
GCA_036937385.1,ASM3693738v1,PRJEB62038,,,10607497,ftp://ftp.ncbi.nlm.nih.gov/genomes/all/GCA/036/937/385/GCA_036937385.1_ASM3693738v1/GCA_036937385.1_ASM3693738v1,SAMN38034134,,Nov-02,,Russia
GCA_036937335.1,ASM3693733v1,PRJEB62038,,,11757191,ftp://ftp.ncbi.nlm.nih.gov/genomes/all/GCA/036/937/335/GCA_036937335.1_ASM3693733v1/GCA_036937335.1_ASM3693733v1,SAMN38034133,,Kyr-1,,Kyrgyzstan
GCA_036937185.1,ASM3693718v1,PRJEB62038,,,10820658,ftp://ftp.ncbi.nlm.nih.gov/genomes/all/GCA/036/937/185/GCA_036937185.1_ASM3693718v1/GCA_036937185.1_ASM3693718v1,SAMN38034132,,Ishikawa,,Japan
GCA_036937005.1,ASM3693700v1,PRJEB62038,,,22233363,ftp://ftp.ncbi.nlm.nih.gov/genomes/all/GCA/036/937/005/GCA_036937005.1_ASM3693700v1/GCA_036937005.1_ASM3693700v1,SAMN38034131,,Hiroshima,,Japan
GCA_036936955.1,ASM3693695v1,PRJEB62038,,,12917983,ftp://ftp.ncbi.nlm.nih.gov/genomes/all/GCA/036/936/955/GCA_036936955.1_ASM3693695v1/GCA_036936955.1_ASM3693695v1,SAMN38034130,,Had-6b,,Lebanon
GCA_036936945.1,ASM3693694v1,PRJEB62038,,,12375209,ftp://ftp.ncbi.nlm.nih.gov/genomes/all/GCA/036/936/945/GCA_036936945.1_ASM3693694v1/GCA_036936945.1_ASM3693694v1,SAMN38034129,,Est-1,,Estonia
GCA_036936915.1,ASM3693691v1,PRJEB62038,,,15242895,ftp://ftp.ncbi.nlm.nih.gov/genomes/all/GCA/036/936/915/GCA_036936915.1_ASM3693691v1/GCA_036936915.1_ASM3693691v1,SAMN38034128,,Co-4,,Portugal
GCA_036936905.1,ASM3693690v1,PRJEB62038,,,13434763,ftp://ftp.ncbi.nlm.nih.gov/genomes/all/GCA/036/936/905/GCA_036936905.1_ASM3693690v1/GCA_036936905.1_ASM3693690v1,SAMN38034127,,Ms-0,,Russia
GCA_036936895.1,ASM3693689v1,PRJEB62038,,,14184333,ftp://ftp.ncbi.nlm.nih.gov/genomes/all/GCA/036/936/895/GCA_036936895.1_ASM3693689v1/GCA_036936895.1_ASM3693689v1,SAMN38034126,,Mr-0,,Italy
GCA_036936885.1,ASM3693688v1,PRJEB62038,,,21343497,ftp://ftp.ncbi.nlm.nih.gov/genomes/all/GCA/036/936/885/GCA_036936885.1_ASM3693688v1/GCA_036936885.1_ASM3693688v1,SAMN38034125,,Mh-0,,Poland
GCA_036936845.1,ASM3693684v1,PRJEB62038,,,9795683,ftp://ftp.ncbi.nlm.nih.gov/genomes/all/GCA/036/936/845/GCA_036936845.1_ASM3693684v1/GCA_036936845.1_ASM3693684v1,SAMN38034124,,Kas-1,,India
GCA_036936715.1,ASM3693671v1,PRJEB62038,,,13123206,ftp://ftp.ncbi.nlm.nih.gov/genomes/all/GCA/036/936/715/GCA_036936715.1_ASM3693671v1/GCA_036936715.1_ASM3693671v1,SAMN38034123,,Est-0,,Estonia
GCA_036936705.1,ASM3693670v1,PRJEB62038,,,19722841,ftp://ftp.ncbi.nlm.nih.gov/genomes/all/GCA/036/936/705/GCA_036936705.1_ASM3693670v1/GCA_036936705.1_ASM3693670v1,SAMN38034122,,Db-1,,Germany
GCA_965152635.1,Tsu-0.7373.PacbioHiFiAssembly,Max Planck Institute for Biology Tuebingen,,,22873944,ftp://ftp.ncbi.nlm.nih.gov/genomes/all/GCA/965/152/635/GCA_965152635.1_Tsu-0.7373.PacbioHiFiAssembly/GCA_965152635.1_Tsu-0.7373.PacbioHiFiAssembly,SAMEA117693794,,,,
GCA_965117515.1,MONT-B-14.22048.PacbioHiFiAssembly,max planck institute for biology tuebingen,,,15329417,ftp://ftp.ncbi.nlm.nih.gov/genomes/all/GCA/965/117/515/GCA_965117515.1_MONT-B-14.22048.PacbioHiFiAssembly/GCA_965117515.1_MONT-B-14.22048.PacbioHiFiAssembly,SAMEA117610340,,,,
GCA_965117615.1,JUZE-A-3.22036.PacbioHiFiAssembly,max planck institute for biology tuebingen,,,24164850,ftp://ftp.ncbi.nlm.nih.gov/genomes/all/GCA/965/117/615/GCA_965117615.1_JUZE-A-3.22036.PacbioHiFiAssembly/GCA_965117615.1_JUZE-A-3.22036.PacbioHiFiAssembly,SAMEA117610330,,,,
GCA_965117715.1,GAIL-B-9.22034.PacbioHiFiAssembly,max planck institute for biology tuebingen,,,12837672,ftp://ftp.ncbi.nlm.nih.gov/genomes/all/GCA/965/117/715/GCA_965117715.1_GAIL-B-9.22034.PacbioHiFiAssembly/GCA_965117715.1_GAIL-B-9.22034.PacbioHiFiAssembly,SAMEA117610328,,,,
GCA_965117485.1,RAYR-A-17.22055.PacbioHiFiAssembly,max planck institute for biology tuebingen,,,13666912,ftp://ftp.ncbi.nlm.nih.gov/genomes/all/GCA/965/117/485/GCA_965117485.1_RAYR-A-17.22055.PacbioHiFiAssembly/GCA_965117485.1_RAYR-A-17.22055.PacbioHiFiAssembly,SAMEA117610344,,,,
GCA_965117585.1,LUZE-A-12.22041.PacbioHiFiAssembly,max planck institute for biology tuebingen,,,14489556,ftp://ftp.ncbi.nlm.nih.gov/genomes/all/GCA/965/117/585/GCA_965117585.1_LUZE-A-12.22041.PacbioHiFiAssembly/GCA_965117585.1_LUZE-A-12.22041.PacbioHiFiAssembly,SAMEA117610334,,,,
GCA_965117685.1,CARL-A-16.22030.PacbioHiFiAssembly,max planck institute for biology tuebingen,,,14828576,ftp://ftp.ncbi.nlm.nih.gov/genomes/all/GCA/965/117/685/GCA_965117685.1_CARL-A-16.22030.PacbioHiFiAssembly/GCA_965117685.1_CARL-A-16.22030.PacbioHiFiAssembly,SAMEA117610327,,,,
GCA_965117565.1,MERE-A-7.22044.PacbioHiFiAssembly,max planck institute for biology tuebingen,,,15503574,ftp://ftp.ncbi.nlm.nih.gov/genomes/all/GCA/965/117/565/GCA_965117565.1_MERE-A-7.22044.PacbioHiFiAssembly/GCA_965117565.1_MERE-A-7.22044.PacbioHiFiAssembly,SAMEA117610336,,,,
GCA_965117665.1,JUZE-A-2.22035.PacbioHiFiAssembly,max planck institute for biology tuebingen,,,14390617,ftp://ftp.ncbi.nlm.nih.gov/genomes/all/GCA/965/117/665/GCA_965117665.1_JUZE-A-2.22035.PacbioHiFiAssembly/GCA_965117665.1_JUZE-A-2.22035.PacbioHiFiAssembly,SAMEA117610329,,,,
GCA_965117545.1,BELL-A-1.22021.PacbioHiFiAssembly,max planck institute for biology tuebingen,,,14152929,ftp://ftp.ncbi.nlm.nih.gov/genomes/all/GCA/965/117/545/GCA_965117545.1_BELL-A-1.22021.PacbioHiFiAssembly/GCA_965117545.1_BELL-A-1.22021.PacbioHiFiAssembly,SAMEA117610321,,,,
GCA_965117645.1,BROU-A-2.22026.PacbioHiFiAssembly,max planck institute for biology tuebingen,,,13032462,ftp://ftp.ncbi.nlm.nih.gov/genomes/all/GCA/965/117/645/GCA_965117645.1_BROU-A-2.22026.PacbioHiFiAssembly/GCA_965117645.1_BROU-A-2.22026.PacbioHiFiAssembly,SAMEA117610325,,,,
GCA_965117525.1,NAUV-B-7.22052.PacbioHiFiAssembly,max planck institute for biology tuebingen,,,9997869,ftp://ftp.ncbi.nlm.nih.gov/genomes/all/GCA/965/117/525/GCA_965117525.1_NAUV-B-7.22052.PacbioHiFiAssembly/GCA_965117525.1_NAUV-B-7.22052.PacbioHiFiAssembly,SAMEA117610342,,,,
GCA_965117625.1,BOULO-A-16.22024.PacbioHiFiAssembly,max planck institute for biology tuebingen,,,14805843,ftp://ftp.ncbi.nlm.nih.gov/genomes/all/GCA/965/117/625/GCA_965117625.1_BOULO-A-16.22024.PacbioHiFiAssembly/GCA_965117625.1_BOULO-A-16.22024.PacbioHiFiAssembly,SAMEA117610324,,,,
GCA_965117505.1,LUZE-A-14.22042.PacbioHiFiAssembly,max planck institute for biology tuebingen,,,13063026,ftp://ftp.ncbi.nlm.nih.gov/genomes/all/GCA/965/117/505/GCA_965117505.1_LUZE-A-14.22042.PacbioHiFiAssembly/GCA_965117505.1_LUZE-A-14.22042.PacbioHiFiAssembly,SAMEA117610335,,,,
GCA_965117725.1,AUZE-A-11.22011.PacbioHiFiAssembly,max planck institute for biology tuebingen,,,19807563,ftp://ftp.ncbi.nlm.nih.gov/genomes/all/GCA/965/117/725/GCA_965117725.1_AUZE-A-11.22011.PacbioHiFiAssembly/GCA_965117725.1_AUZE-A-11.22011.PacbioHiFiAssembly,SAMEA117610320,,,,
GCA_965117605.1,RAYR-A-9.22056.PacbioHiFiAssembly,max planck institute for biology tuebingen,,,13391339,ftp://ftp.ncbi.nlm.nih.gov/genomes/all/GCA/965/117/605/GCA_965117605.1_RAYR-A-9.22056.PacbioHiFiAssembly/GCA_965117605.1_RAYR-A-9.22056.PacbioHiFiAssembly,SAMEA117610345,,,,
GCA_965117705.1,MONT-B-12.22047.PacbioHiFiAssembly,max planck institute for biology tuebingen,,,13981906,ftp://ftp.ncbi.nlm.nih.gov/genomes/all/GCA/965/117/705/GCA_965117705.1_MONT-B-12.22047.PacbioHiFiAssembly/GCA_965117705.1_MONT-B-12.22047.PacbioHiFiAssembly,SAMEA117610339,,,,
GCA_965117595.1,MONF-A-14.22046.PacbioHiFiAssembly,max planck institute for biology tuebingen,,,12844060,ftp://ftp.ncbi.nlm.nih.gov/genomes/all/GCA/965/117/595/GCA_965117595.1_MONF-A-14.22046.PacbioHiFiAssembly/GCA_965117595.1_MONF-A-14.22046.PacbioHiFiAssembly,SAMEA117610338,,,,
GCA_965117475.1,MONF-A-1.22045.PacbioHiFiAssembly,max planck institute for biology tuebingen,,,22463083,ftp://ftp.ncbi.nlm.nih.gov/genomes/all/GCA/965/117/475/GCA_965117475.1_MONF-A-1.22045.PacbioHiFiAssembly/GCA_965117475.1_MONF-A-1.22045.PacbioHiFiAssembly,SAMEA117610337,,,,
GCA_965117695.1,CARL-A-10.22029.PacbioHiFiAssembly,max planck institute for biology tuebingen,,,20173444,ftp://ftp.ncbi.nlm.nih.gov/genomes/all/GCA/965/117/695/GCA_965117695.1_CARL-A-10.22029.PacbioHiFiAssembly/GCA_965117695.1_CARL-A-10.22029.PacbioHiFiAssembly,SAMEA117610326,,,,
GCA_965117575.1,LANT-B-10.22040.PacbioHiFiAssembly,max planck institute for biology tuebingen,,,26021474,ftp://ftp.ncbi.nlm.nih.gov/genomes/all/GCA/965/117/575/GCA_965117575.1_LANT-B-10.22040.PacbioHiFiAssembly/GCA_965117575.1_LANT-B-10.22040.PacbioHiFiAssembly,SAMEA117610333,,,,
GCA_965117675.1,BOULO-A-1.22023.PacbioHiFiAssembly,max planck institute for biology tuebingen,,,12946330,ftp://ftp.ncbi.nlm.nih.gov/genomes/all/GCA/965/117/675/GCA_965117675.1_BOULO-A-1.22023.PacbioHiFiAssembly/GCA_965117675.1_BOULO-A-1.22023.PacbioHiFiAssembly,SAMEA117610323,,,,
GCA_965117555.1,PREI-A-9.22054.PacbioHiFiAssembly,max planck institute for biology tuebingen,,,18493395,ftp://ftp.ncbi.nlm.nih.gov/genomes/all/GCA/965/117/555/GCA_965117555.1_PREI-A-9.22054.PacbioHiFiAssembly/GCA_965117555.1_PREI-A-9.22054.PacbioHiFiAssembly,SAMEA117610343,,,,
GCA_965117655.1,NAUV-B-14.22051.PacbioHiFiAssembly,max planck institute for biology tuebingen,,,11224144,ftp://ftp.ncbi.nlm.nih.gov/genomes/all/GCA/965/117/655/GCA_965117655.1_NAUV-B-14.22051.PacbioHiFiAssembly/GCA_965117655.1_NAUV-B-14.22051.PacbioHiFiAssembly,SAMEA117610341,,,,
GCA_965117535.1,LACR-C-4.22038.PacbioHiFiAssembly,max planck institute for biology tuebingen,,,14023906,ftp://ftp.ncbi.nlm.nih.gov/genomes/all/GCA/965/117/535/GCA_965117535.1_LACR-C-4.22038.PacbioHiFiAssembly/GCA_965117535.1_LACR-C-4.22038.PacbioHiFiAssembly,SAMEA117610331,,,,
GCA_965117635.1,BELL-A-7.22022.PacbioHiFiAssembly,max planck institute for biology tuebingen,,,11461122,ftp://ftp.ncbi.nlm.nih.gov/genomes/all/GCA/965/117/635/GCA_965117635.1_BELL-A-7.22022.PacbioHiFiAssembly/GCA_965117635.1_BELL-A-7.22022.PacbioHiFiAssembly,SAMEA117610322,,,,
GCA_965117495.1,LANT-B-1.22039.PacbioHiFiAssembly,max planck institute for biology tuebingen,,,22554751,ftp://ftp.ncbi.nlm.nih.gov/genomes/all/GCA/965/117/495/GCA_965117495.1_LANT-B-1.22039.PacbioHiFiAssembly/GCA_965117495.1_LANT-B-1.22039.PacbioHiFiAssembly,SAMEA117610332,,,,
GCA_043165945.1,IMAGED_Live_23,Salk Institute for Biological Studies,,,12213486,ftp://ftp.ncbi.nlm.nih.gov/genomes/all/GCA/043/165/945/GCA_043165945.1_IMAGED_Live_23/GCA_043165945.1_IMAGED_Live_23,SAMN43273862,,Columbia,,USA
GCA_043165325.1,IMAGED_Live_20,Salk Institute for Biological Studies,,,7619363,ftp://ftp.ncbi.nlm.nih.gov/genomes/all/GCA/043/165/325/GCA_043165325.1_IMAGED_Live_20/GCA_043165325.1_IMAGED_Live_20,SAMN43273861,,Columbia,,USA
GCA_043165315.1,IMAGED_Live_14,Salk Institute for Biological Studies,,,787555,ftp://ftp.ncbi.nlm.nih.gov/genomes/all/GCA/043/165/315/GCA_043165315.1_IMAGED_Live_14/GCA_043165315.1_IMAGED_Live_14,SAMN43273860,,Columbia,,USA
GCA_043165235.1,IMAGED_Live_21,Salk Institute for Biological Studies,,,11269413,ftp://ftp.ncbi.nlm.nih.gov/genomes/all/GCA/043/165/235/GCA_043165235.1_IMAGED_Live_21/GCA_043165235.1_IMAGED_Live_21,SAMN43273863,,Columbia,,USA
GCA_964057265.1,LI-EF-011.685.PacbioHiFiAssembly,max planck institute for biology tuebingen,,,25735296,ftp://ftp.ncbi.nlm.nih.gov/genomes/all/GCA/964/057/265/GCA_964057265.1_LI-EF-011.685.PacbioHiFiAssembly/GCA_964057265.1_LI-EF-011.685.PacbioHiFiAssembly,SAMEA115622224,,,,
GCA_964057255.1,Pent-46.2212.PacbioHiFiAssembly,max planck institute for biology tuebingen,,,22286730,ftp://ftp.ncbi.nlm.nih.gov/genomes/all/GCA/964/057/255/GCA_964057255.1_Pent-46.2212.PacbioHiFiAssembly/GCA_964057255.1_Pent-46.2212.PacbioHiFiAssembly,SAMEA115622223,,,,
GCA_964057275.1,14INRCT07.PacbioHiFiAssembly,max planck institute for biology tuebingen,,,25459315,ftp://ftp.ncbi.nlm.nih.gov/genomes/all/GCA/964/057/275/GCA_964057275.1_14INRCT07.PacbioHiFiAssembly/GCA_964057275.1_14INRCT07.PacbioHiFiAssembly,SAMEA115622222,,,,
GCA_963990585.1,Col.TEmutant,Huazhong Agricultural University,,,2839571,ftp://ftp.ncbi.nlm.nih.gov/genomes/all/GCA/963/990/585/GCA_963990585.1_Col.TEmutant/GCA_963990585.1_Col.TEmutant,SAMEA115401880,,,,
GCA_036926925.1,ASM3692692v1,PRJEB62038,,,14294971,ftp://ftp.ncbi.nlm.nih.gov/genomes/all/GCA/036/926/925/GCA_036926925.1_ASM3692692v1/GCA_036926925.1_ASM3692692v1,SAMN38034190,,Yo-0,,USA
GCA_036926975.1,ASM3692697v1,PRJEB62038,,,13874141,ftp://ftp.ncbi.nlm.nih.gov/genomes/all/GCA/036/926/975/GCA_036926975.1_ASM3692697v1/GCA_036926975.1_ASM3692697v1,SAMN38034189,,Tsu-0,,Japan
GCA_036927025.1,ASM3692702v1,PRJEB62038,,,14097773,ftp://ftp.ncbi.nlm.nih.gov/genomes/all/GCA/036/927/025/GCA_036927025.1_ASM3692702v1/GCA_036927025.1_ASM3692702v1,SAMN38034187,,Shahdara,,Tajikistan
GCA_036927045.1,ASM3692704v1,PRJEB62038,,,14497886,ftp://ftp.ncbi.nlm.nih.gov/genomes/all/GCA/036/927/045/GCA_036927045.1_ASM3692704v1/GCA_036927045.1_ASM3692704v1,SAMN38034188,,Shigu-2,,Russia
GCA_036926965.1,ASM3692696v1,PRJEB62038,,,15036229,ftp://ftp.ncbi.nlm.nih.gov/genomes/all/GCA/036/926/965/GCA_036926965.1_ASM3692696v1/GCA_036926965.1_ASM3692696v1,SAMN38034186,,Ri-0,,Canada
GCA_036927255.1,ASM3692725v1,PRJEB62038,,,13890529,ftp://ftp.ncbi.nlm.nih.gov/genomes/all/GCA/036/927/255/GCA_036927255.1_ASM3692725v1/GCA_036927255.1_ASM3692725v1,SAMN38034184,,Nok-1,,Netherlands
GCA_036927085.1,ASM3692708v1,PRJEB62038,,,14816524,ftp://ftp.ncbi.nlm.nih.gov/genomes/all/GCA/036/927/085/GCA_036927085.1_ASM3692708v1/GCA_036927085.1_ASM3692708v1,SAMN38034185,,Oy-0,,Norway
GCA_036927245.1,ASM3692724v1,PRJEB62038,,,14713123,ftp://ftp.ncbi.nlm.nih.gov/genomes/all/GCA/036/927/245/GCA_036927245.1_ASM3692724v1/GCA_036927245.1_ASM3692724v1,SAMN38034182,,JEA,,France
GCA_036927265.1,ASM3692726v1,PRJEB62038,,,14385031,ftp://ftp.ncbi.nlm.nih.gov/genomes/all/GCA/036/927/265/GCA_036927265.1_ASM3692726v1/GCA_036927265.1_ASM3692726v1,SAMN38034180,,Ge-0,,Switzerland
GCA_036927285.1,ASM3692728v1,PRJEB62038,,,12918157,ftp://ftp.ncbi.nlm.nih.gov/genomes/all/GCA/036/927/285/GCA_036927285.1_ASM3692728v1/GCA_036927285.1_ASM3692728v1,SAMN38034176,,Can-0,,Spain
GCA_036927275.1,ASM3692727v1,PRJEB62038,,,13954847,ftp://ftp.ncbi.nlm.nih.gov/genomes/all/GCA/036/927/275/GCA_036927275.1_ASM3692727v1/GCA_036927275.1_ASM3692727v1,SAMN38034178,,Ct-1,,Italy
GCA_036927355.1,ASM3692735v1,PRJEB62038,,,13238605,ftp://ftp.ncbi.nlm.nih.gov/genomes/all/GCA/036/927/355/GCA_036927355.1_ASM3692735v1/GCA_036927355.1_ASM3692735v1,SAMN38034175,,Cant-1,,Spain
GCA_036927375.1,ASM3692737v1,PRJEB62038,,,14319691,ftp://ftp.ncbi.nlm.nih.gov/genomes/all/GCA/036/927/375/GCA_036927375.1_ASM3692737v1/GCA_036927375.1_ASM3692737v1,SAMN38034174,,Bur-0,,Ireland
GCA_036927365.1,ASM3692736v1,PRJEB62038,,,14368148,ftp://ftp.ncbi.nlm.nih.gov/genomes/all/GCA/036/927/365/GCA_036927365.1_ASM3692736v1/GCA_036927365.1_ASM3692736v1,SAMN38034173,,Blh-1,,Czech Republic
GCA_036927435.1,ASM3692743v1,PRJEB62038,,,14886835,ftp://ftp.ncbi.nlm.nih.gov/genomes/all/GCA/036/927/435/GCA_036927435.1_ASM3692743v1/GCA_036927435.1_ASM3692743v1,SAMN38034170,,Are-10,,Portugal
GCA_036927385.1,ASM3692738v1,PRJEB62038,,,14427628,ftp://ftp.ncbi.nlm.nih.gov/genomes/all/GCA/036/927/385/GCA_036927385.1_ASM3692738v1/GCA_036927385.1_ASM3692738v1,SAMN38034171,,Bay-0,,Germany
GCA_036927485.1,ASM3692748v1,PRJEB62038,,,12733282,ftp://ftp.ncbi.nlm.nih.gov/genomes/all/GCA/036/927/485/GCA_036927485.1_ASM3692748v1/GCA_036927485.1_ASM3692748v1,SAMN38034166,,Anz-0,,Iran
GCA_036927505.1,ASM3692750v1,PRJEB62038,,,11888122,ftp://ftp.ncbi.nlm.nih.gov/genomes/all/GCA/036/927/505/GCA_036927505.1_ASM3692750v1/GCA_036927505.1_ASM3692750v1,SAMN38034162,,Geg-14,,Armenia
GCA_036927455.1,ASM3692745v1,PRJEB62038,,,14167301,ftp://ftp.ncbi.nlm.nih.gov/genomes/all/GCA/036/927/455/GCA_036927455.1_ASM3692745v1/GCA_036927455.1_ASM3692745v1,SAMN38034169,,Are-6,,Portugal
GCA_036927475.1,ASM3692747v1,PRJEB62038,,,14308372,ftp://ftp.ncbi.nlm.nih.gov/genomes/all/GCA/036/927/475/GCA_036927475.1_ASM3692747v1/GCA_036927475.1_ASM3692747v1,SAMN38034168,,Are-2,,Portugal
GCA_028009825.2,Col-CC,Community-Consensus Arabidopsis Thaliana Reference Genome Assembly Consortium,,,27782540,ftp://ftp.ncbi.nlm.nih.gov/genomes/all/GCA/028/009/825/GCA_028009825.2_Col-CC/GCA_028009825.2_Col-CC,SAMN32386944,,Col-0,,Poland
GCA_949796385.1,9852,max planck institute for biology,,,18613550,ftp://ftp.ncbi.nlm.nih.gov/genomes/all/GCA/949/796/385/GCA_949796385.1_9852/GCA_949796385.1_9852,SAMEA110755686,,,,
GCA_949796655.1,9744,max planck institute for biology,,,11178775,ftp://ftp.ncbi.nlm.nih.gov/genomes/all/GCA/949/796/655/GCA_949796655.1_9744/GCA_949796655.1_9744,SAMEA110755681,,,,
GCA_949796665.1,9879,max planck institute for biology,,,5951611,ftp://ftp.ncbi.nlm.nih.gov/genomes/all/GCA/949/796/665/GCA_949796665.1_9879/GCA_949796665.1_9879,SAMEA110755687,,,,
GCA_949796715.1,9830,max planck institute for biology,,,9782689,ftp://ftp.ncbi.nlm.nih.gov/genomes/all/GCA/949/796/715/GCA_949796715.1_9830/GCA_949796715.1_9830,SAMEA110755684,,,,
GCA_949796485.1,9900,max planck institute for biology,,,10981064,ftp://ftp.ncbi.nlm.nih.gov/genomes/all/GCA/949/796/485/GCA_949796485.1_9900/GCA_949796485.1_9900,SAMEA110755689,,,,
GCA_949796755.1,9847,max planck institute for biology,,,9625350,ftp://ftp.ncbi.nlm.nih.gov/genomes/all/GCA/949/796/755/GCA_949796755.1_9847/GCA_949796755.1_9847,SAMEA110755685,,,,
GCA_949796375.1,9336,max planck institute for biology,,,9714618,ftp://ftp.ncbi.nlm.nih.gov/genomes/all/GCA/949/796/375/GCA_949796375.1_9336/GCA_949796375.1_9336,SAMEA110755678,,,,
GCA_949796455.1,7143,max planck institute for biology,,,15287920,ftp://ftp.ncbi.nlm.nih.gov/genomes/all/GCA/949/796/455/GCA_949796455.1_7143/GCA_949796455.1_7143,SAMEA110755675,,,,
GCA_949796415.1,9762,max planck institute for biology,,,8488419,ftp://ftp.ncbi.nlm.nih.gov/genomes/all/GCA/949/796/415/GCA_949796415.1_9762/GCA_949796415.1_9762,SAMEA110755682,,,,
GCA_949796475.1,9883,max planck institute for biology,,,11516797,ftp://ftp.ncbi.nlm.nih.gov/genomes/all/GCA/949/796/475/GCA_949796475.1_9883/GCA_949796475.1_9883,SAMEA110755688,,,,
GCA_949796705.1,9503,max planck institute for biology,,,8569625,ftp://ftp.ncbi.nlm.nih.gov/genomes/all/GCA/949/796/705/GCA_949796705.1_9503/GCA_949796705.1_9503,SAMEA110755679,,,,
GCA_949796605.1,9806,max planck institute for biology,,,11466786,ftp://ftp.ncbi.nlm.nih.gov/genomes/all/GCA/949/796/605/GCA_949796605.1_9806/GCA_949796605.1_9806,SAMEA110755683,,,,
GCA_949796525.1,6923,max planck institute for biology,,,8441029,ftp://ftp.ncbi.nlm.nih.gov/genomes/all/GCA/949/796/525/GCA_949796525.1_6923/GCA_949796525.1_6923,SAMEA110755673,,,,
GCA_949796635.1,8285,max planck institute for biology,,,9821434,ftp://ftp.ncbi.nlm.nih.gov/genomes/all/GCA/949/796/635/GCA_949796635.1_8285/GCA_949796635.1_8285,SAMEA110755676,,,,
GCA_949796645.1,6137,max planck institute for biology,,,19011747,ftp://ftp.ncbi.nlm.nih.gov/genomes/all/GCA/949/796/645/GCA_949796645.1_6137/GCA_949796645.1_6137,SAMEA110755672,,,,
GCA_946406525.1,Ler-0.7213.PacbioHiFiAssembly,max planck institute for biology tuebingen,,,19473498,ftp://ftp.ncbi.nlm.nih.gov/genomes/all/GCA/946/406/525/GCA_946406525.1_Ler-0.7213.PacbioHiFiAssembly/GCA_946406525.1_Ler-0.7213.PacbioHiFiAssembly,SAMEA110648802,,,,
GCA_946412225.1,IP-Mdc-14.PacbioHiFiAssembly,max planck institute for biology tuebingen,,,13049615,ftp://ftp.ncbi.nlm.nih.gov/genomes/all/GCA/946/412/225/GCA_946412225.1_IP-Mdc-14.PacbioHiFiAssembly/GCA_946412225.1_IP-Mdc-14.PacbioHiFiAssembly,SAMEA110648816,,,,
GCA_946411805.1,IP-Mos-9.PacbioHiFiAssembly,max planck institute for biology tuebingen,,,11211428,ftp://ftp.ncbi.nlm.nih.gov/genomes/all/GCA/946/411/805/GCA_946411805.1_IP-Mos-9.PacbioHiFiAssembly/GCA_946411805.1_IP-Mos-9.PacbioHiFiAssembly,SAMEA110648821,,,,
GCA_946409395.1,BROU-A-10.PacbioHiFiAssembly,max planck institute for biology tuebingen,,,26307904,ftp://ftp.ncbi.nlm.nih.gov/genomes/all/GCA/946/409/395/GCA_946409395.1_BROU-A-10.PacbioHiFiAssembly/GCA_946409395.1_BROU-A-10.PacbioHiFiAssembly,SAMEA110648788,,,,
GCA_946415625.1,MONTM-B-7.PacbioHiFiAssembly,max planck institute for biology tuebingen,,,23831536,ftp://ftp.ncbi.nlm.nih.gov/genomes/all/GCA/946/415/625/GCA_946415625.1_MONTM-B-7.PacbioHiFiAssembly/GCA_946415625.1_MONTM-B-7.PacbioHiFiAssembly,SAMEA110648797,,,,
GCA_946414125.1,Cvi-0.6911.PacbioHiFiAssembly,max planck institute for biology tuebingen,,,22707657,ftp://ftp.ncbi.nlm.nih.gov/genomes/all/GCA/946/414/125/GCA_946414125.1_Cvi-0.6911.PacbioHiFiAssembly/GCA_946414125.1_Cvi-0.6911.PacbioHiFiAssembly,SAMEA110648801,,,,
GCA_946405265.1,IP-Met-6.PacbioHiFiAssembly,max planck institute for biology tuebingen,,,27168424,ftp://ftp.ncbi.nlm.nih.gov/genomes/all/GCA/946/405/265/GCA_946405265.1_IP-Met-6.PacbioHiFiAssembly/GCA_946405265.1_IP-Met-6.PacbioHiFiAssembly,SAMEA110648819,,,,
GCA_946410165.1,BARC-A-12.PacbioHiFiAssembly,max planck institute for biology tuebingen,,,11494099,ftp://ftp.ncbi.nlm.nih.gov/genomes/all/GCA/946/410/165/GCA_946410165.1_BARC-A-12.PacbioHiFiAssembly/GCA_946410165.1_BARC-A-12.PacbioHiFiAssembly,SAMEA110648784,,,,
GCA_946406325.1,IP-Alo-0.9506.PacbioHiFiAssembly,max planck institute for biology tuebingen,,,16793502,ftp://ftp.ncbi.nlm.nih.gov/genomes/all/GCA/946/406/325/GCA_946406325.1_IP-Alo-0.9506.PacbioHiFiAssembly/GCA_946406325.1_IP-Alo-0.9506.PacbioHiFiAssembly,SAMEA110648804,,,,
GCA_946403025.1,FERR-A-8.PacbioHiFiAssembly,max planck institute for biology tuebingen,,,16709255,ftp://ftp.ncbi.nlm.nih.gov/genomes/all/GCA/946/403/025/GCA_946403025.1_FERR-A-8.PacbioHiFiAssembly/GCA_946403025.1_FERR-A-8.PacbioHiFiAssembly,SAMEA110648792,,,,
GCA_946406625.1,IP-Hom-4.9546.PacbioHiFiAssembly,max planck institute for biology tuebingen,,,19886187,ftp://ftp.ncbi.nlm.nih.gov/genomes/all/GCA/946/406/625/GCA_946406625.1_IP-Hom-4.9546.PacbioHiFiAssembly/GCA_946406625.1_IP-Hom-4.9546.PacbioHiFiAssembly,SAMEA110648808,,,,
GCA_946404995.1,BANI-C-1.PacbioHiFiAssembly,max planck institute for biology tuebingen,,,13254494,ftp://ftp.ncbi.nlm.nih.gov/genomes/all/GCA/946/404/995/GCA_946404995.1_BANI-C-1.PacbioHiFiAssembly/GCA_946404995.1_BANI-C-1.PacbioHiFiAssembly,SAMEA110648780,,,,
GCA_946411425.1,IP-Hom-0.PacbioHiFiAssembly,max planck institute for biology tuebingen,,,12348600,ftp://ftp.ncbi.nlm.nih.gov/genomes/all/GCA/946/411/425/GCA_946411425.1_IP-Hom-0.PacbioHiFiAssembly/GCA_946411425.1_IP-Hom-0.PacbioHiFiAssembly,SAMEA110648813,,,,
GCA_946415005.1,ANGE-B-2.PacbioHiFiAssembly,max planck institute for biology tuebingen,,,18803918,ftp://ftp.ncbi.nlm.nih.gov/genomes/all/GCA/946/415/005/GCA_946415005.1_ANGE-B-2.PacbioHiFiAssembly/GCA_946415005.1_ANGE-B-2.PacbioHiFiAssembly,SAMEA110648778,,,,
GCA_946408975.1,BELC-C-12.PacbioHiFiAssembly,max planck institute for biology tuebingen,,,18346446,ftp://ftp.ncbi.nlm.nih.gov/genomes/all/GCA/946/408/975/GCA_946408975.1_BELC-C-12.PacbioHiFiAssembly/GCA_946408975.1_BELC-C-12.PacbioHiFiAssembly,SAMEA110648787,,,,
GCA_946408575.1,CAMA-C-9.PacbioHiFiAssembly,max planck institute for biology tuebingen,,,11614129,ftp://ftp.ncbi.nlm.nih.gov/genomes/all/GCA/946/408/575/GCA_946408575.1_CAMA-C-9.PacbioHiFiAssembly/GCA_946408575.1_CAMA-C-9.PacbioHiFiAssembly,SAMEA110648790,,,,
GCA_946405545.1,IP-Evs-12.PacbioHiFiAssembly,max planck institute for biology tuebingen,,,19357519,ftp://ftp.ncbi.nlm.nih.gov/genomes/all/GCA/946/405/545/GCA_946405545.1_IP-Evs-12.PacbioHiFiAssembly/GCA_946405545.1_IP-Evs-12.PacbioHiFiAssembly,SAMEA110648812,,,,
GCA_946402385.1,AUZE-A-5.PacbioHiFiAssembly,max planck institute for biology tuebingen,,,11659389,ftp://ftp.ncbi.nlm.nih.gov/genomes/all/GCA/946/402/385/GCA_946402385.1_AUZE-A-5.PacbioHiFiAssembly/GCA_946402385.1_AUZE-A-5.PacbioHiFiAssembly,SAMEA110648779,,,,
GCA_946410485.1,IP-Alo-19.PacbioHiFiAssembly,max planck institute for biology tuebingen,,,20805657,ftp://ftp.ncbi.nlm.nih.gov/genomes/all/GCA/946/410/485/GCA_946410485.1_IP-Alo-19.PacbioHiFiAssembly/GCA_946410485.1_IP-Alo-19.PacbioHiFiAssembly,SAMEA110648810,,,,
GCA_946413405.1,PREI-A-14.PacbioHiFiAssembly,max planck institute for biology tuebingen,,,19452641,ftp://ftp.ncbi.nlm.nih.gov/genomes/all/GCA/946/413/405/GCA_946413405.1_PREI-A-14.PacbioHiFiAssembly/GCA_946413405.1_PREI-A-14.PacbioHiFiAssembly,SAMEA110648798,,,,
GCA_946415655.1,LACR-C-14.PacbioHiFiAssembly,max planck institute for biology tuebingen,,,14024397,ftp://ftp.ncbi.nlm.nih.gov/genomes/all/GCA/946/415/655/GCA_946415655.1_LACR-C-14.PacbioHiFiAssembly/GCA_946415655.1_LACR-C-14.PacbioHiFiAssembly,SAMEA110648794,,,,
GCA_946407795.1,IP-Lor-16.PacbioHiFiAssembly,max planck institute for biology tuebingen,,,23022277,ftp://ftp.ncbi.nlm.nih.gov/genomes/all/GCA/946/407/795/GCA_946407795.1_IP-Lor-16.PacbioHiFiAssembly/GCA_946407795.1_IP-Lor-16.PacbioHiFiAssembly,SAMEA110648815,,,,
GCA_946415165.1,IP-Evs-0.9845.PacbioHiFiAssembly,max planck institute for biology tuebingen,,,18929923,ftp://ftp.ncbi.nlm.nih.gov/genomes/all/GCA/946/415/165/GCA_946415165.1_IP-Evs-0.9845.PacbioHiFiAssembly/GCA_946415165.1_IP-Evs-0.9845.PacbioHiFiAssembly,SAMEA110648807,,,,
GCA_946404075.1,ANGE-B-10.PacbioHiFiAssembly,max planck institute for biology tuebingen,,,14326833,ftp://ftp.ncbi.nlm.nih.gov/genomes/all/GCA/946/404/075/GCA_946404075.1_ANGE-B-10.PacbioHiFiAssembly/GCA_946404075.1_ANGE-B-10.PacbioHiFiAssembly,SAMEA110648777,,,,
GCA_946404515.1,IP-San-9.PacbioHiFiAssembly,max planck institute for biology tuebingen,,,19407968,ftp://ftp.ncbi.nlm.nih.gov/genomes/all/GCA/946/404/515/GCA_946404515.1_IP-San-9.PacbioHiFiAssembly/GCA_946404515.1_IP-San-9.PacbioHiFiAssembly,SAMEA110648822,,,,
GCA_946409815.1,SALE-A-17.PacbioHiFiAssembly,max planck institute for biology tuebingen,,,15774412,ftp://ftp.ncbi.nlm.nih.gov/genomes/all/GCA/946/409/815/GCA_946409815.1_SALE-A-17.PacbioHiFiAssembly/GCA_946409815.1_SALE-A-17.PacbioHiFiAssembly,SAMEA110648800,,,,
GCA_946413935.1,IP-Sln-22.PacbioHiFiAssembly,max planck institute for biology tuebingen,,,15008004,ftp://ftp.ncbi.nlm.nih.gov/genomes/all/GCA/946/413/935/GCA_946413935.1_IP-Sln-22.PacbioHiFiAssembly/GCA_946413935.1_IP-Sln-22.PacbioHiFiAssembly,SAMEA110648823,,,,
GCA_946406975.1,CAMA-C-2.PacbioHiFiAssembly,max planck institute for biology tuebingen,,,21085798,ftp://ftp.ncbi.nlm.nih.gov/genomes/all/GCA/946/406/975/GCA_946406975.1_CAMA-C-2.PacbioHiFiAssembly/GCA_946406975.1_CAMA-C-2.PacbioHiFiAssembly,SAMEA110648789,,,,
GCA_946412065.1,GAIL-B-11.PacbioHiFiAssembly,max planck institute for biology tuebingen,,,16520788,ftp://ftp.ncbi.nlm.nih.gov/genomes/all/GCA/946/412/065/GCA_946412065.1_GAIL-B-11.PacbioHiFiAssembly/GCA_946412065.1_GAIL-B-11.PacbioHiFiAssembly,SAMEA110648793,,,,
GCA_946411655.1,MERE-A-13.PacbioHiFiAssembly,max planck institute for biology tuebingen,,,24056380,ftp://ftp.ncbi.nlm.nih.gov/genomes/all/GCA/946/411/655/GCA_946411655.1_MERE-A-13.PacbioHiFiAssembly/GCA_946411655.1_MERE-A-13.PacbioHiFiAssembly,SAMEA110648795,,,,
GCA_946413285.1,IP-Hum-2.9549.PacbioHiFiAssembly,max planck institute for biology tuebingen,,,25772659,ftp://ftp.ncbi.nlm.nih.gov/genomes/all/GCA/946/413/285/GCA_946413285.1_IP-Hum-2.9549.PacbioHiFiAssembly/GCA_946413285.1_IP-Hum-2.9549.PacbioHiFiAssembly,SAMEA110648809,,,,
GCA_946406735.1,BARA-C-3.PacbioHiFiAssembly,max planck institute for biology tuebingen,,,14933226,ftp://ftp.ncbi.nlm.nih.gov/genomes/all/GCA/946/406/735/GCA_946406735.1_BARA-C-3.PacbioHiFiAssembly/GCA_946406735.1_BARA-C-3.PacbioHiFiAssembly,SAMEA110648782,,,,
GCA_946408365.1,SALE-A-10.PacbioHiFiAssembly,max planck institute for biology tuebingen,,,21701230,ftp://ftp.ncbi.nlm.nih.gov/genomes/all/GCA/946/408/365/GCA_946408365.1_SALE-A-10.PacbioHiFiAssembly/GCA_946408365.1_SALE-A-10.PacbioHiFiAssembly,SAMEA110648799,,,,
GCA_946406595.1,BANI-C-12.PacbioHiFiAssembly,max planck institute for biology tuebingen,,,25764249,ftp://ftp.ncbi.nlm.nih.gov/genomes/all/GCA/946/406/595/GCA_946406595.1_BANI-C-12.PacbioHiFiAssembly/GCA_946406595.1_BANI-C-12.PacbioHiFiAssembly,SAMEA110648781,,,,
GCA_946411885.1,IP-Mos-5.PacbioHiFiAssembly,max planck institute for biology tuebingen,,,20845382,ftp://ftp.ncbi.nlm.nih.gov/genomes/all/GCA/946/411/885/GCA_946411885.1_IP-Mos-5.PacbioHiFiAssembly/GCA_946411885.1_IP-Mos-5.PacbioHiFiAssembly,SAMEA110648820,,,,
GCA_946406895.1,Rabacal-1.22005.PacbioHiFiAssembly,max planck institute for biology tuebingen,,,25417967,ftp://ftp.ncbi.nlm.nih.gov/genomes/all/GCA/946/406/895/GCA_946406895.1_Rabacal-1.22005.PacbioHiFiAssembly/GCA_946406895.1_Rabacal-1.22005.PacbioHiFiAssembly,SAMEA110648776,,,,
GCA_946413305.1,IP-Med-3.PacbioHiFiAssembly,max planck institute for biology tuebingen,,,19287994,ftp://ftp.ncbi.nlm.nih.gov/genomes/all/GCA/946/413/305/GCA_946413305.1_IP-Med-3.PacbioHiFiAssembly/GCA_946413305.1_IP-Med-3.PacbioHiFiAssembly,SAMEA110648818,,,,
GCA_946411375.1,IP-Cas-0.9831.PacbioHiFiAssembly,max planck institute for biology tuebingen,,,15437737,ftp://ftp.ncbi.nlm.nih.gov/genomes/all/GCA/946/411/375/GCA_946411375.1_IP-Cas-0.9831.PacbioHiFiAssembly/GCA_946411375.1_IP-Cas-0.9831.PacbioHiFiAssembly,SAMEA110648805,,,,
GCA_946412005.1,IP-Hum-4.PacbioHiFiAssembly,max planck institute for biology tuebingen,,,17776434,ftp://ftp.ncbi.nlm.nih.gov/genomes/all/GCA/946/412/005/GCA_946412005.1_IP-Hum-4.PacbioHiFiAssembly/GCA_946412005.1_IP-Hum-4.PacbioHiFiAssembly,SAMEA110648814,,,,
GCA_946414305.1,IP-Cat-0.9832.PacbioHiFiAssembly,max planck institute for biology tuebingen,,,19173809,ftp://ftp.ncbi.nlm.nih.gov/genomes/all/GCA/946/414/305/GCA_946414305.1_IP-Cat-0.9832.PacbioHiFiAssembly/GCA_946414305.1_IP-Cat-0.9832.PacbioHiFiAssembly,SAMEA110648806,,,,
GCA_946415445.1,IP-Cas-6.PacbioHiFiAssembly,max planck institute for biology tuebingen,,,14256094,ftp://ftp.ncbi.nlm.nih.gov/genomes/all/GCA/946/415/445/GCA_946415445.1_IP-Cas-6.PacbioHiFiAssembly/GCA_946415445.1_IP-Cas-6.PacbioHiFiAssembly,SAMEA110648811,,,,
GCA_946407145.1,BARC-A-17.PacbioHiFiAssembly,max planck institute for biology tuebingen,,,11664971,ftp://ftp.ncbi.nlm.nih.gov/genomes/all/GCA/946/407/145/GCA_946407145.1_BARC-A-17.PacbioHiFiAssembly/GCA_946407145.1_BARC-A-17.PacbioHiFiAssembly,SAMEA110648785,,,,
GCA_946409825.1,Tanz-1.10024.PacbioHiFiAssembly,max planck institute for biology tuebingen,,,28618678,ftp://ftp.ncbi.nlm.nih.gov/genomes/all/GCA/946/409/825/GCA_946409825.1_Tanz-1.10024.PacbioHiFiAssembly/GCA_946409825.1_Tanz-1.10024.PacbioHiFiAssembly,SAMEA110648803,,,,
GCA_946405525.1,FERR-A-12.PacbioHiFiAssembly,max planck institute for biology tuebingen,,,21000804,ftp://ftp.ncbi.nlm.nih.gov/genomes/all/GCA/946/405/525/GCA_946405525.1_FERR-A-12.PacbioHiFiAssembly/GCA_946405525.1_FERR-A-12.PacbioHiFiAssembly,SAMEA110648791,,,,
GCA_946405905.1,MONTM-B-16.PacbioHiFiAssembly,max planck institute for biology tuebingen,,,12449956,ftp://ftp.ncbi.nlm.nih.gov/genomes/all/GCA/946/405/905/GCA_946405905.1_MONTM-B-16.PacbioHiFiAssembly/GCA_946405905.1_MONTM-B-16.PacbioHiFiAssembly,SAMEA110648796,,,,
GCA_946404385.1,BARA-C-5.PacbioHiFiAssembly,max planck institute for biology tuebingen,,,20794936,ftp://ftp.ncbi.nlm.nih.gov/genomes/all/GCA/946/404/385/GCA_946404385.1_BARA-C-5.PacbioHiFiAssembly/GCA_946404385.1_BARA-C-5.PacbioHiFiAssembly,SAMEA110648783,,,,
GCA_946405725.1,IP-Med-0.PacbioHiFiAssembly,max planck institute for biology tuebingen,,,13585863,ftp://ftp.ncbi.nlm.nih.gov/genomes/all/GCA/946/405/725/GCA_946405725.1_IP-Med-0.PacbioHiFiAssembly/GCA_946405725.1_IP-Med-0.PacbioHiFiAssembly,SAMEA110648817,,,,
GCA_946403525.1,BELC-C-10.PacbioHiFiAssembly,max planck institute for biology tuebingen,,,18693612,ftp://ftp.ncbi.nlm.nih.gov/genomes/all/GCA/946/403/525/GCA_946403525.1_BELC-C-10.PacbioHiFiAssembly/GCA_946403525.1_BELC-C-10.PacbioHiFiAssembly,SAMEA110648786,,,,
GCA_028009825.1,Col-CC,Community-Consensus Arabidopsis Thaliana Reference Genome Assembly Consortium,,,26149336,ftp://ftp.ncbi.nlm.nih.gov/genomes/all/GCA/028/009/825/GCA_028009825.1_Col-CC/GCA_028009825.1_Col-CC,SAMN32386944,,Col-0,,Poland
GCA_020911765.2,ASM2091176v2,"Institute of Genetics and Developmental Biology, The Innovative Academy of Seed Design",,,26150454,ftp://ftp.ncbi.nlm.nih.gov/genomes/all/GCA/020/911/765/GCA_020911765.2_ASM2091176v2/GCA_020911765.2_ASM2091176v2,SAMN22999947,,Col-0,,USA: Columbia
GCA_946499705.1,Col-0.6909.PacbioHiFiAssembly,max planck institute for developmental biology,,,12643054,ftp://ftp.ncbi.nlm.nih.gov/genomes/all/GCA/946/499/705/GCA_946499705.1_Col-0.6909.PacbioHiFiAssembly/GCA_946499705.1_Col-0.6909.PacbioHiFiAssembly,SAMEA13018400,,,,United Kingdom: Newcastle
GCA_946499665.1,Ey15-2.9994.PacbioHiFiAssembly,max planck institute for developmental biology,,,22129529,ftp://ftp.ncbi.nlm.nih.gov/genomes/all/GCA/946/499/665/GCA_946499665.1_Ey15-2.9994.PacbioHiFiAssembly/GCA_946499665.1_Ey15-2.9994.PacbioHiFiAssembly,SAMEA13018399,,,,United Kingdom: Newcastle
GCA_910573875.1,Evry.Col-0,INRAE,,,12545482,ftp://ftp.ncbi.nlm.nih.gov/genomes/all/GCA/910/573/875/GCA_910573875.1_Evry.Col-0/GCA_910573875.1_Evry.Col-0,SAMEA8574185,,,,
GCA_910574415.1,Evry.Ler-1,INRAE,,,10734839,ftp://ftp.ncbi.nlm.nih.gov/genomes/all/GCA/910/574/415/GCA_910574415.1_Evry.Ler-1/GCA_910574415.1_Evry.Ler-1,SAMEA8574186,,,,
GCA_025388435.1,AtA1-141.20181003,INRAE/CNRS,,,13068673,ftp://ftp.ncbi.nlm.nih.gov/genomes/all/GCA/025/388/435/GCA_025388435.1_AtA1-141.20181003/GCA_025388435.1_AtA1-141.20181003,SAMN28055790,,71029,,France
GCA_024498555.1,ASM2449855v1,GMI - Gregor Mendel Institute,,,10656393,ftp://ftp.ncbi.nlm.nih.gov/genomes/all/GCA/024/498/555/GCA_024498555.1_ASM2449855v1/GCA_024498555.1_ASM2449855v1,SAMN23014728,,1254,,Sweden
GCA_024498515.1,ASM2449851v1,GMI - Gregor Mendel Institute,,,3360688,ftp://ftp.ncbi.nlm.nih.gov/genomes/all/GCA/024/498/515/GCA_024498515.1_ASM2449851v1/GCA_024498515.1_ASM2449851v1,SAMN23014729,,5856,,Sweden
GCA_024498495.1,ASM2449849v1,GMI - Gregor Mendel Institute,,,9901060,ftp://ftp.ncbi.nlm.nih.gov/genomes/all/GCA/024/498/495/GCA_024498495.1_ASM2449849v1/GCA_024498495.1_ASM2449849v1,SAMN23014730,,6021,,Sweden
GCA_024498475.1,ASM2449847v1,GMI - Gregor Mendel Institute,,,13017542,ftp://ftp.ncbi.nlm.nih.gov/genomes/all/GCA/024/498/475/GCA_024498475.1_ASM2449847v1/GCA_024498475.1_ASM2449847v1,SAMN23014731,,6024,,Sweden
GCA_024498455.1,ASM2449845v1,GMI - Gregor Mendel Institute,,,11166281,ftp://ftp.ncbi.nlm.nih.gov/genomes/all/GCA/024/498/455/GCA_024498455.1_ASM2449845v1/GCA_024498455.1_ASM2449845v1,SAMN23014732,,9412,,Sweden
GCA_024498435.1,ASM2449843v1,GMI - Gregor Mendel Institute,,,11914472,ftp://ftp.ncbi.nlm.nih.gov/genomes/all/GCA/024/498/435/GCA_024498435.1_ASM2449843v1/GCA_024498435.1_ASM2449843v1,SAMN23014733,,9470,,Sweden
GCA_023115395.1,ASM2311539v1,The Salk Institute for Biological Studies,,,25743512,ftp://ftp.ncbi.nlm.nih.gov/genomes/all/GCA/023/115/395/GCA_023115395.1_ASM2311539v1/GCA_023115395.1_ASM2311539v1,SAMN27631187,,Col-0,,USA
GCA_933208075.1,ddAraThal4.1 alternate haplotype,WELLCOME SANGER INSTITUTE,,,49503,ftp://ftp.ncbi.nlm.nih.gov/genomes/all/GCA/933/208/075/GCA_933208075.1_ddAraThal4.1_alternate_haplotype/GCA_933208075.1_ddAraThal4.1_alternate_haplotype,SAMEA7522056,,,,missing
GCA_933208065.1,ddAraThal4.1,WELLCOME SANGER INSTITUTE,,,8181915,ftp://ftp.ncbi.nlm.nih.gov/genomes/all/GCA/933/208/065/GCA_933208065.1_ddAraThal4.1/GCA_933208065.1_ddAraThal4.1,SAMEA7522056,,,,missing
GCA_020911765.1,ASM2091176v1,"Institute of Genetics and Developmental Biology, The Innovative Academy of Seed Design",,,26150454,ftp://ftp.ncbi.nlm.nih.gov/genomes/all/GCA/020/911/765/GCA_020911765.1_ASM2091176v1/GCA_020911765.1_ASM2091176v1,SAMN22999947,,Col-0,,USA: Columbia
GCA_904420315.1,AT9943.Cdm-0.scaffold,MAX-PLANCK INSTITUTE FOR DEVELOPMENTAL BIOLOGY,,,13971476,ftp://ftp.ncbi.nlm.nih.gov/genomes/all/GCA/904/420/315/GCA_904420315.1_AT9943.Cdm-0.scaffold/GCA_904420315.1_AT9943.Cdm-0.scaffold,SAMEA7282576,,,,
GCA_903064275.1,AT7213.Ler-0.PacBio,MAX PLANCK INSTITUTE FOR DEVELOPMENTAL BIOLOGY,,,11237341,ftp://ftp.ncbi.nlm.nih.gov/genomes/all/GCA/903/064/275/GCA_903064275.1_AT7213.Ler-0.PacBio/GCA_903064275.1_AT7213.Ler-0.PacBio,SAMEA6623706,,,,
GCA_903064325.1,AT7186.Kn-0.PacBio,MAX PLANCK INSTITUTE FOR DEVELOPMENTAL BIOLOGY,,,9023333,ftp://ftp.ncbi.nlm.nih.gov/genomes/all/GCA/903/064/325/GCA_903064325.1_AT7186.Kn-0.PacBio/GCA_903064325.1_AT7186.Kn-0.PacBio,SAMEA6623705,,,,
GCA_903064295.1,AT5784.Ty-1.PacBio,MAX PLANCK INSTITUTE FOR DEVELOPMENTAL BIOLOGY,,,14125859,ftp://ftp.ncbi.nlm.nih.gov/genomes/all/GCA/903/064/295/GCA_903064295.1_AT5784.Ty-1.PacBio/GCA_903064295.1_AT5784.Ty-1.PacBio,SAMEA6623703,,,,
GCA_903064285.1,AT1741.KBS-Mac-74.PacBio,MAX PLANCK INSTITUTE FOR DEVELOPMENTAL BIOLOGY,,,14141494,ftp://ftp.ncbi.nlm.nih.gov/genomes/all/GCA/903/064/285/GCA_903064285.1_AT1741.KBS-Mac-74.PacBio/GCA_903064285.1_AT1741.KBS-Mac-74.PacBio,SAMEA6623702,,,,
GCA_903064315.1,AT6911.Cvi-0.contigs,MAX PLANCK INSTITUTE FOR DEVELOPMENTAL BIOLOGY,,,9295349,ftp://ftp.ncbi.nlm.nih.gov/genomes/all/GCA/903/064/315/GCA_903064315.1_AT6911.Cvi-0.contigs/GCA_903064315.1_AT6911.Cvi-0.contigs,SAMEA6623704,,,,
GCA_902825305.1,AT6909.Col-0.PacBio,MAX PLANCK INSTITUTE FOR DEVELOPMENTAL BIOLOGY,,,11359210,ftp://ftp.ncbi.nlm.nih.gov/genomes/all/GCA/902/825/305/GCA_902825305.1_AT6909.Col-0.PacBio/GCA_902825305.1_AT6909.Col-0.PacBio,SAMEA6620825,,,,
GCA_902705455.1,araThaC24v1,MAX PLANCK INSTITUTE FOR PLANT BREEDING RESEARCH,,,4802170,ftp://ftp.ncbi.nlm.nih.gov/genomes/all/GCA/902/705/455/GCA_902705455.1_araThaC24v1/GCA_902705455.1_araThaC24v1,SAMEA5751959,,,,
GCA_902651935.1,araThaAn1v1,MAX PLANCK INSTITUTE FOR PLANT BREEDING RESEARCH,,,8166377,ftp://ftp.ncbi.nlm.nih.gov/genomes/all/GCA/902/651/935/GCA_902651935.1_araThaAn1v1/GCA_902651935.1_araThaAn1v1,SAMEA5751958,,,,
GCA_902460315.1,Arabidopsis_thaliana_Eri-1,MAX PLANCK INSTITUTE FOR PLANT BREEDING RESEARCH,,,4757538,ftp://ftp.ncbi.nlm.nih.gov/genomes/all/GCA/902/460/315/GCA_902460315.1_Arabidopsis_thaliana_Eri-1/GCA_902460315.1_Arabidopsis_thaliana_Eri-1,SAMEA5751961,,,,
GCA_902460295.1,Arabidopsis_thaliana_Sha,MAX PLANCK INSTITUTE FOR PLANT BREEDING RESEARCH,,,6996577,ftp://ftp.ncbi.nlm.nih.gov/genomes/all/GCA/902/460/295/GCA_902460295.1_Arabidopsis_thaliana_Sha/GCA_902460295.1_Arabidopsis_thaliana_Sha,SAMEA5751964,,,,
GCA_902460305.1,Arabidopsis_thaliana_Kyo,MAX PLANCK INSTITUTE FOR PLANT BREEDING RESEARCH,,,9149088,ftp://ftp.ncbi.nlm.nih.gov/genomes/all/GCA/902/460/305/GCA_902460305.1_Arabidopsis_thaliana_Kyo/GCA_902460305.1_Arabidopsis_thaliana_Kyo,SAMEA5751962,,Col-0,,
GCA_902460275.1,Arabidopsis_thaliana_Cvi-0,MAX PLANCK INSTITUTE FOR PLANT BREEDING RESEARCH,,,7363394,ftp://ftp.ncbi.nlm.nih.gov/genomes/all/GCA/902/460/275/GCA_902460275.1_Arabidopsis_thaliana_Cvi-0/GCA_902460275.1_Arabidopsis_thaliana_Cvi-0,SAMEA5751960,,,,
GCA_902460285.1,Arabidopsis_thaliana_Ler,MAX PLANCK INSTITUTE FOR PLANT BREEDING RESEARCH,,,11168341,ftp://ftp.ncbi.nlm.nih.gov/genomes/all/GCA/902/460/285/GCA_902460285.1_Arabidopsis_thaliana_Ler/GCA_902460285.1_Arabidopsis_thaliana_Ler,SAMEA5751963,,,,
GCA_900234365.1,assembly_1,MPI FOR DEVELOPMENTAL BIOLOGY,,,11023,ftp://ftp.ncbi.nlm.nih.gov/genomes/all/GCA/900/234/365/GCA_900234365.1_assembly_1/GCA_900234365.1_assembly_1,SAMEA104356412,,,,
GCA_900234325.1,assembly_1,MPI FOR DEVELOPMENTAL BIOLOGY,,,11366,ftp://ftp.ncbi.nlm.nih.gov/genomes/all/GCA/900/234/325/GCA_900234325.1_assembly_1/GCA_900234325.1_assembly_1,SAMEA104356413,,,,
GCA_900234315.1,assembly_1,MPI FOR DEVELOPMENTAL BIOLOGY,,,10727,ftp://ftp.ncbi.nlm.nih.gov/genomes/all/GCA/900/234/315/GCA_900234315.1_assembly_1/GCA_900234315.1_assembly_1,SAMEA104356406,,,,
GCA_900234305.1,assembly_1,MPI FOR DEVELOPMENTAL BIOLOGY,,,13765,ftp://ftp.ncbi.nlm.nih.gov/genomes/all/GCA/900/234/305/GCA_900234305.1_assembly_1/GCA_900234305.1_assembly_1,SAMEA104356397,,,,
GCA_900234295.1,assembly_1,MPI FOR DEVELOPMENTAL BIOLOGY,,,13090,ftp://ftp.ncbi.nlm.nih.gov/genomes/all/GCA/900/234/295/GCA_900234295.1_assembly_1/GCA_900234295.1_assembly_1,SAMEA104356400,,,,
GCA_900234275.1,assembly_1,MPI FOR DEVELOPMENTAL BIOLOGY,,,13058,ftp://ftp.ncbi.nlm.nih.gov/genomes/all/GCA/900/234/275/GCA_900234275.1_assembly_1/GCA_900234275.1_assembly_1,SAMEA104356411,,,,
GCA_900234285.1,assembly_1,MPI FOR DEVELOPMENTAL BIOLOGY,,,12368,ftp://ftp.ncbi.nlm.nih.gov/genomes/all/GCA/900/234/285/GCA_900234285.1_assembly_1/GCA_900234285.1_assembly_1,SAMEA104356396,,,,
GCA_900234265.1,assembly_1,MPI FOR DEVELOPMENTAL BIOLOGY,,,13420,ftp://ftp.ncbi.nlm.nih.gov/genomes/all/GCA/900/234/265/GCA_900234265.1_assembly_1/GCA_900234265.1_assembly_1,SAMEA104356409,,,,
GCA_900234255.1,assembly_1,MPI FOR DEVELOPMENTAL BIOLOGY,,,6706,ftp://ftp.ncbi.nlm.nih.gov/genomes/all/GCA/900/234/255/GCA_900234255.1_assembly_1/GCA_900234255.1_assembly_1,SAMEA104356404,,,,
GCA_900234245.1,assembly_1,MPI FOR DEVELOPMENTAL BIOLOGY,,,11307,ftp://ftp.ncbi.nlm.nih.gov/genomes/all/GCA/900/234/245/GCA_900234245.1_assembly_1/GCA_900234245.1_assembly_1,SAMEA104356408,,,,
GCA_900234235.1,assembly_1,MPI FOR DEVELOPMENTAL BIOLOGY,,,14201,ftp://ftp.ncbi.nlm.nih.gov/genomes/all/GCA/900/234/235/GCA_900234235.1_assembly_1/GCA_900234235.1_assembly_1,SAMEA104356401,,,,
GCA_900234225.1,assembly_1,MPI FOR DEVELOPMENTAL BIOLOGY,,,6891,ftp://ftp.ncbi.nlm.nih.gov/genomes/all/GCA/900/234/225/GCA_900234225.1_assembly_1/GCA_900234225.1_assembly_1,SAMEA104356410,,,,
GCA_900234215.1,assembly_1,MPI FOR DEVELOPMENTAL BIOLOGY,,,12116,ftp://ftp.ncbi.nlm.nih.gov/genomes/all/GCA/900/234/215/GCA_900234215.1_assembly_1/GCA_900234215.1_assembly_1,SAMEA104356402,,,,
GCA_900234205.1,assembly_1,MPI FOR DEVELOPMENTAL BIOLOGY,,,12096,ftp://ftp.ncbi.nlm.nih.gov/genomes/all/GCA/900/234/205/GCA_900234205.1_assembly_1/GCA_900234205.1_assembly_1,SAMEA104356407,,,,
GCA_900234195.1,assembly_1,MPI FOR DEVELOPMENTAL BIOLOGY,,,11753,ftp://ftp.ncbi.nlm.nih.gov/genomes/all/GCA/900/234/195/GCA_900234195.1_assembly_1/GCA_900234195.1_assembly_1,SAMEA104356395,,,,
GCA_900234185.1,assembly_1,MPI FOR DEVELOPMENTAL BIOLOGY,,,13384,ftp://ftp.ncbi.nlm.nih.gov/genomes/all/GCA/900/234/185/GCA_900234185.1_assembly_1/GCA_900234185.1_assembly_1,SAMEA104356403,,,,
GCA_900234175.1,assembly_1,MPI FOR DEVELOPMENTAL BIOLOGY,,,12629,ftp://ftp.ncbi.nlm.nih.gov/genomes/all/GCA/900/234/175/GCA_900234175.1_assembly_1/GCA_900234175.1_assembly_1,SAMEA104356394,,,,
GCA_900234165.1,assembly_1,MPI FOR DEVELOPMENTAL BIOLOGY,,,12704,ftp://ftp.ncbi.nlm.nih.gov/genomes/all/GCA/900/234/165/GCA_900234165.1_assembly_1/GCA_900234165.1_assembly_1,SAMEA104356399,,,,
GCA_900234155.1,assembly_1,MPI FOR DEVELOPMENTAL BIOLOGY,,,11923,ftp://ftp.ncbi.nlm.nih.gov/genomes/all/GCA/900/234/155/GCA_900234155.1_assembly_1/GCA_900234155.1_assembly_1,SAMEA104356398,,,,
GCA_900234145.1,assembly_1,MPI FOR DEVELOPMENTAL BIOLOGY,,,12442,ftp://ftp.ncbi.nlm.nih.gov/genomes/all/GCA/900/234/145/GCA_900234145.1_assembly_1/GCA_900234145.1_assembly_1,SAMEA104356405,,,,
GCA_900234135.1,assembly_1,MPI FOR DEVELOPMENTAL BIOLOGY,,,12643,ftp://ftp.ncbi.nlm.nih.gov/genomes/all/GCA/900/234/135/GCA_900234135.1_assembly_1/GCA_900234135.1_assembly_1,SAMEA104356383,,,,
GCA_900234115.1,assembly_1,MPI FOR DEVELOPMENTAL BIOLOGY,,,12615,ftp://ftp.ncbi.nlm.nih.gov/genomes/all/GCA/900/234/115/GCA_900234115.1_assembly_1/GCA_900234115.1_assembly_1,SAMEA104356379,,,,
GCA_900234125.1,assembly_1,MPI FOR DEVELOPMENTAL BIOLOGY,,,13826,ftp://ftp.ncbi.nlm.nih.gov/genomes/all/GCA/900/234/125/GCA_900234125.1_assembly_1/GCA_900234125.1_assembly_1,SAMEA104356389,,,,
GCA_900234105.1,assembly_1,MPI FOR DEVELOPMENTAL BIOLOGY,,,12249,ftp://ftp.ncbi.nlm.nih.gov/genomes/all/GCA/900/234/105/GCA_900234105.1_assembly_1/GCA_900234105.1_assembly_1,SAMEA104356377,,,,
GCA_900234095.1,assembly_1,MPI FOR DEVELOPMENTAL BIOLOGY,,,11300,ftp://ftp.ncbi.nlm.nih.gov/genomes/all/GCA/900/234/095/GCA_900234095.1_assembly_1/GCA_900234095.1_assembly_1,SAMEA104356387,,,,
GCA_900234085.1,assembly_1,MPI FOR DEVELOPMENTAL BIOLOGY,,,11382,ftp://ftp.ncbi.nlm.nih.gov/genomes/all/GCA/900/234/085/GCA_900234085.1_assembly_1/GCA_900234085.1_assembly_1,SAMEA104356392,,,,
GCA_900234075.1,assembly_1,MPI FOR DEVELOPMENTAL BIOLOGY,,,22868,ftp://ftp.ncbi.nlm.nih.gov/genomes/all/GCA/900/234/075/GCA_900234075.1_assembly_1/GCA_900234075.1_assembly_1,SAMEA104356393,,,,
GCA_900234065.1,assembly_1,MPI FOR DEVELOPMENTAL BIOLOGY,,,12037,ftp://ftp.ncbi.nlm.nih.gov/genomes/all/GCA/900/234/065/GCA_900234065.1_assembly_1/GCA_900234065.1_assembly_1,SAMEA104356384,,,,
GCA_900234055.1,assembly_1,MPI FOR DEVELOPMENTAL BIOLOGY,,,10529,ftp://ftp.ncbi.nlm.nih.gov/genomes/all/GCA/900/234/055/GCA_900234055.1_assembly_1/GCA_900234055.1_assembly_1,SAMEA104356382,,,,
GCA_900234045.1,assembly_1,MPI FOR DEVELOPMENTAL BIOLOGY,,,11781,ftp://ftp.ncbi.nlm.nih.gov/genomes/all/GCA/900/234/045/GCA_900234045.1_assembly_1/GCA_900234045.1_assembly_1,SAMEA104356378,,,,
GCA_900234035.1,assembly_1,MPI FOR DEVELOPMENTAL BIOLOGY,,,11110,ftp://ftp.ncbi.nlm.nih.gov/genomes/all/GCA/900/234/035/GCA_900234035.1_assembly_1/GCA_900234035.1_assembly_1,SAMEA104356390,,,,
GCA_900234005.1,assembly_1,MPI FOR DEVELOPMENTAL BIOLOGY,,,10081,ftp://ftp.ncbi.nlm.nih.gov/genomes/all/GCA/900/234/005/GCA_900234005.1_assembly_1/GCA_900234005.1_assembly_1,SAMEA104356380,,,,
GCA_900234015.1,assembly_1,MPI FOR DEVELOPMENTAL BIOLOGY,,,9447,ftp://ftp.ncbi.nlm.nih.gov/genomes/all/GCA/900/234/015/GCA_900234015.1_assembly_1/GCA_900234015.1_assembly_1,SAMEA104356385,,,,
GCA_900234025.1,assembly_1,MPI FOR DEVELOPMENTAL BIOLOGY,,,12892,ftp://ftp.ncbi.nlm.nih.gov/genomes/all/GCA/900/234/025/GCA_900234025.1_assembly_1/GCA_900234025.1_assembly_1,SAMEA104356391,,,,
GCA_900233995.1,assembly_1,MPI FOR DEVELOPMENTAL BIOLOGY,,,12532,ftp://ftp.ncbi.nlm.nih.gov/genomes/all/GCA/900/233/995/GCA_900233995.1_assembly_1/GCA_900233995.1_assembly_1,SAMEA104356386,,,,
GCA_900233985.1,assembly_1,MPI FOR DEVELOPMENTAL BIOLOGY,,,12199,ftp://ftp.ncbi.nlm.nih.gov/genomes/all/GCA/900/233/985/GCA_900233985.1_assembly_1/GCA_900233985.1_assembly_1,SAMEA104356381,,,,
GCA_900233975.1,assembly_1,MPI FOR DEVELOPMENTAL BIOLOGY,,,7556,ftp://ftp.ncbi.nlm.nih.gov/genomes/all/GCA/900/233/975/GCA_900233975.1_assembly_1/GCA_900233975.1_assembly_1,SAMEA104356388,,,,
GCA_900233965.1,assembly_1,MPI FOR DEVELOPMENTAL BIOLOGY,,,12633,ftp://ftp.ncbi.nlm.nih.gov/genomes/all/GCA/900/233/965/GCA_900233965.1_assembly_1/GCA_900233965.1_assembly_1,SAMEA104356347,,,,
GCA_900233955.1,assembly_1,MPI FOR DEVELOPMENTAL BIOLOGY,,,7435,ftp://ftp.ncbi.nlm.nih.gov/genomes/all/GCA/900/233/955/GCA_900233955.1_assembly_1/GCA_900233955.1_assembly_1,SAMEA104356352,,,,
GCA_900233945.1,assembly_1,MPI FOR DEVELOPMENTAL BIOLOGY,,,8741,ftp://ftp.ncbi.nlm.nih.gov/genomes/all/GCA/900/233/945/GCA_900233945.1_assembly_1/GCA_900233945.1_assembly_1,SAMEA104356357,,,,
GCA_900233905.1,assembly_1,MPI FOR DEVELOPMENTAL BIOLOGY,,,11459,ftp://ftp.ncbi.nlm.nih.gov/genomes/all/GCA/900/233/905/GCA_900233905.1_assembly_1/GCA_900233905.1_assembly_1,SAMEA104356370,,,,
GCA_900233915.1,assembly_1,MPI FOR DEVELOPMENTAL BIOLOGY,,,10667,ftp://ftp.ncbi.nlm.nih.gov/genomes/all/GCA/900/233/915/GCA_900233915.1_assembly_1/GCA_900233915.1_assembly_1,SAMEA104356361,,,,
GCA_900233925.1,assembly_1,MPI FOR DEVELOPMENTAL BIOLOGY,,,8390,ftp://ftp.ncbi.nlm.nih.gov/genomes/all/GCA/900/233/925/GCA_900233925.1_assembly_1/GCA_900233925.1_assembly_1,SAMEA104356354,,,,
GCA_900233895.1,assembly_1,MPI FOR DEVELOPMENTAL BIOLOGY,,,8903,ftp://ftp.ncbi.nlm.nih.gov/genomes/all/GCA/900/233/895/GCA_900233895.1_assembly_1/GCA_900233895.1_assembly_1,SAMEA104356359,,,,
GCA_900233885.1,assembly_1,MPI FOR DEVELOPMENTAL BIOLOGY,,,10331,ftp://ftp.ncbi.nlm.nih.gov/genomes/all/GCA/900/233/885/GCA_900233885.1_assembly_1/GCA_900233885.1_assembly_1,SAMEA104356372,,,,
GCA_900233875.1,assembly_1,MPI FOR DEVELOPMENTAL BIOLOGY,,,11622,ftp://ftp.ncbi.nlm.nih.gov/genomes/all/GCA/900/233/875/GCA_900233875.1_assembly_1/GCA_900233875.1_assembly_1,SAMEA104356353,,,,
GCA_900233865.1,assembly_1,MPI FOR DEVELOPMENTAL BIOLOGY,,,11187,ftp://ftp.ncbi.nlm.nih.gov/genomes/all/GCA/900/233/865/GCA_900233865.1_assembly_1/GCA_900233865.1_assembly_1,SAMEA104356364,,,,
GCA_900233855.1,assembly_1,MPI FOR DEVELOPMENTAL BIOLOGY,,,10947,ftp://ftp.ncbi.nlm.nih.gov/genomes/all/GCA/900/233/855/GCA_900233855.1_assembly_1/GCA_900233855.1_assembly_1,SAMEA104356414,,,,
GCA_900233835.1,assembly_1,MPI FOR DEVELOPMENTAL BIOLOGY,,,11382,ftp://ftp.ncbi.nlm.nih.gov/genomes/all/GCA/900/233/835/GCA_900233835.1_assembly_1/GCA_900233835.1_assembly_1,SAMEA104356376,,,,
GCA_900233845.1,assembly_1,MPI FOR DEVELOPMENTAL BIOLOGY,,,9154,ftp://ftp.ncbi.nlm.nih.gov/genomes/all/GCA/900/233/845/GCA_900233845.1_assembly_1/GCA_900233845.1_assembly_1,SAMEA104356366,,,,
GCA_900233825.1,assembly_1,MPI FOR DEVELOPMENTAL BIOLOGY,,,11000,ftp://ftp.ncbi.nlm.nih.gov/genomes/all/GCA/900/233/825/GCA_900233825.1_assembly_1/GCA_900233825.1_assembly_1,SAMEA104356367,,,,
GCA_900233815.1,assembly_1,MPI FOR DEVELOPMENTAL BIOLOGY,,,9622,ftp://ftp.ncbi.nlm.nih.gov/genomes/all/GCA/900/233/815/GCA_900233815.1_assembly_1/GCA_900233815.1_assembly_1,SAMEA104356360,,,,
GCA_900233805.1,assembly_1,MPI FOR DEVELOPMENTAL BIOLOGY,,,11170,ftp://ftp.ncbi.nlm.nih.gov/genomes/all/GCA/900/233/805/GCA_900233805.1_assembly_1/GCA_900233805.1_assembly_1,SAMEA104356373,,,,
GCA_900233795.1,assembly_1,MPI FOR DEVELOPMENTAL BIOLOGY,,,12004,ftp://ftp.ncbi.nlm.nih.gov/genomes/all/GCA/900/233/795/GCA_900233795.1_assembly_1/GCA_900233795.1_assembly_1,SAMEA104356349,,,,
GCA_900233785.1,assembly_1,MPI FOR DEVELOPMENTAL BIOLOGY,,,13433,ftp://ftp.ncbi.nlm.nih.gov/genomes/all/GCA/900/233/785/GCA_900233785.1_assembly_1/GCA_900233785.1_assembly_1,SAMEA104356346,,,,
GCA_900233775.1,assembly_1,MPI FOR DEVELOPMENTAL BIOLOGY,,,13307,ftp://ftp.ncbi.nlm.nih.gov/genomes/all/GCA/900/233/775/GCA_900233775.1_assembly_1/GCA_900233775.1_assembly_1,SAMEA104356356,,,,
GCA_900233765.1,assembly_1,MPI FOR DEVELOPMENTAL BIOLOGY,,,12034,ftp://ftp.ncbi.nlm.nih.gov/genomes/all/GCA/900/233/765/GCA_900233765.1_assembly_1/GCA_900233765.1_assembly_1,SAMEA104356365,,,,
GCA_900233745.1,assembly_1,MPI FOR DEVELOPMENTAL BIOLOGY,,,11998,ftp://ftp.ncbi.nlm.nih.gov/genomes/all/GCA/900/233/745/GCA_900233745.1_assembly_1/GCA_900233745.1_assembly_1,SAMEA104356351,,,,
GCA_900233755.1,assembly_1,MPI FOR DEVELOPMENTAL BIOLOGY,,,12218,ftp://ftp.ncbi.nlm.nih.gov/genomes/all/GCA/900/233/755/GCA_900233755.1_assembly_1/GCA_900233755.1_assembly_1,SAMEA104356375,,,,
GCA_900233735.1,assembly_1,MPI FOR DEVELOPMENTAL BIOLOGY,,,13902,ftp://ftp.ncbi.nlm.nih.gov/genomes/all/GCA/900/233/735/GCA_900233735.1_assembly_1/GCA_900233735.1_assembly_1,SAMEA104356344,,,,
GCA_900233725.1,assembly_1,MPI FOR DEVELOPMENTAL BIOLOGY,,,12809,ftp://ftp.ncbi.nlm.nih.gov/genomes/all/GCA/900/233/725/GCA_900233725.1_assembly_1/GCA_900233725.1_assembly_1,SAMEA104356368,,,,
GCA_900233705.1,assembly_1,MPI FOR DEVELOPMENTAL BIOLOGY,,,12946,ftp://ftp.ncbi.nlm.nih.gov/genomes/all/GCA/900/233/705/GCA_900233705.1_assembly_1/GCA_900233705.1_assembly_1,SAMEA104356358,,,,
GCA_900233715.1,assembly_1,MPI FOR DEVELOPMENTAL BIOLOGY,,,8781,ftp://ftp.ncbi.nlm.nih.gov/genomes/all/GCA/900/233/715/GCA_900233715.1_assembly_1/GCA_900233715.1_assembly_1,SAMEA104356374,,,,
GCA_900233675.1,assembly_1,MPI FOR DEVELOPMENTAL BIOLOGY,,,9223,ftp://ftp.ncbi.nlm.nih.gov/genomes/all/GCA/900/233/675/GCA_900233675.1_assembly_1/GCA_900233675.1_assembly_1,SAMEA104356369,,,,
GCA_900233695.1,assembly_1,MPI FOR DEVELOPMENTAL BIOLOGY,,,10940,ftp://ftp.ncbi.nlm.nih.gov/genomes/all/GCA/900/233/695/GCA_900233695.1_assembly_1/GCA_900233695.1_assembly_1,SAMEA104356348,,,,
GCA_900233665.1,assembly_1,MPI FOR DEVELOPMENTAL BIOLOGY,,,11669,ftp://ftp.ncbi.nlm.nih.gov/genomes/all/GCA/900/233/665/GCA_900233665.1_assembly_1/GCA_900233665.1_assembly_1,SAMEA104356355,,,,
GCA_900233685.1,assembly_1,MPI FOR DEVELOPMENTAL BIOLOGY,,,12815,ftp://ftp.ncbi.nlm.nih.gov/genomes/all/GCA/900/233/685/GCA_900233685.1_assembly_1/GCA_900233685.1_assembly_1,SAMEA104356350,,,,
GCA_900233645.1,assembly_1,MPI FOR DEVELOPMENTAL BIOLOGY,,,11330,ftp://ftp.ncbi.nlm.nih.gov/genomes/all/GCA/900/233/645/GCA_900233645.1_assembly_1/GCA_900233645.1_assembly_1,SAMEA104356363,,,,
GCA_900233655.1,assembly_1,MPI FOR DEVELOPMENTAL BIOLOGY,,,10140,ftp://ftp.ncbi.nlm.nih.gov/genomes/all/GCA/900/233/655/GCA_900233655.1_assembly_1/GCA_900233655.1_assembly_1,SAMEA104356362,,,,
GCA_900233635.1,assembly_1,MPI FOR DEVELOPMENTAL BIOLOGY,,,11400,ftp://ftp.ncbi.nlm.nih.gov/genomes/all/GCA/900/233/635/GCA_900233635.1_assembly_1/GCA_900233635.1_assembly_1,SAMEA104356371,,,,
GCA_900660825.1,Ath.Ler-0.MPIPZ.v1.0,MAX PLANCK INSTITUTE FOR PLANT BREEDING RESEARCH,,,9412210,ftp://ftp.ncbi.nlm.nih.gov/genomes/all/GCA/900/660/825/GCA_900660825.1_Ath.Ler-0.MPIPZ.v1.0/GCA_900660825.1_Ath.Ler-0.MPIPZ.v1.0,SAMEA5244800,,,,
GCA_900303355.1,ONTmin_IT4,MPI FOR DEVELOPMENTAL BIOLOGY,,,12334794,ftp://ftp.ncbi.nlm.nih.gov/genomes/all/GCA/900/303/355/GCA_900303355.1_ONTmin_IT4/GCA_900303355.1_ONTmin_IT4,SAMEA104665750,,,,
GCA_001753755.2,Athal_Col0Cvi0F1_phased_diploid_1.0,Pacific Biosciences,,,7960654,ftp://ftp.ncbi.nlm.nih.gov/genomes/all/GCA/001/753/755/GCA_001753755.2_Athal_Col0Cvi0F1_phased_diploid_1.0/GCA_001753755.2_Athal_Col0Cvi0F1_phased_diploid_1.0,SAMN04539663,,Col-0 X Cvi-0,,not applicable
GCA_001753755.1,Athal_Col0Cvi0F1_phased_diploid_1.0,Pacific Biosciences,,,7363020,,SAMN04539663,,Col-0 X Cvi-0,,not applicable
GCA_001651475.1,Ler Assembly,Center for genomic Regulation,,,1193183,ftp://ftp.ncbi.nlm.nih.gov/genomes/all/GCA/001/651/475/GCA_001651475.1_Ler_Assembly/GCA_001651475.1_Ler_Assembly,SAMN04457953,,Landsberg erecta,,Germany
GCA_000835945.1,ASM83594v1,Pacific Biosciences,,,11163166,ftp://ftp.ncbi.nlm.nih.gov/genomes/all/GCA/000/835/945/GCA_000835945.1_ASM83594v1/GCA_000835945.1_ASM83594v1,SAMN02724977,,Ler-0,,missing
