accession,name,submitter,date,chromosomes,contigs,ftp_path,biosample,bioprojectaccn,ecotype,sample_name,submission_date_loc,cs_number,lineage,gl,sn,si
GCA_036942975.1,ASM3694297v1,PRJEB62038,,,14722447,ftp://ftp.ncbi.nlm.nih.gov/genomes/all/GCA/036/942/975/GCA_036942975.1_ASM3694297v1/GCA_036942975.1_ASM3694297v1,38034183,PRJNA1033522,KZ9,,Kazakhstan,,,,,
GCA_036942965.1,ASM3694296v1,PRJEB62038,,,13972119,ftp://ftp.ncbi.nlm.nih.gov/genomes/all/GCA/036/942/965/GCA_036942965.1_ASM3694296v1/GCA_036942965.1_ASM3694296v1,38034181,PRJNA1033522,Ita-0,,Morocco,,,,,
GCA_036942575.1,ASM3694257v1,PRJEB62038,,,14006506,ftp://ftp.ncbi.nlm.nih.gov/genomes/all/GCA/036/942/575/GCA_036942575.1_ASM3694257v1/GCA_036942575.1_ASM3694257v1,38034179,PRJNA1033522,Cvi-0,,Portugal,,,,,
GCA_036942445.1,ASM3694244v1,PRJEB62038,,,14242192,ftp://ftp.ncbi.nlm.nih.gov/genomes/all/GCA/036/942/445/GCA_036942445.1_ASM3694244v1/GCA_036942445.1_ASM3694244v1,38034172,PRJNA1033522,Bla-1,,Spain,,,,,
GCA_036942435.1,ASM3694243v1,PRJEB62038,,,14714264,ftp://ftp.ncbi.nlm.nih.gov/genomes/all/GCA/036/942/435/GCA_036942435.1_ASM3694243v1/GCA_036942435.1_ASM3694243v1,38034177,PRJNA1033522,Col-0,,Poland,,,,,
GCA_036942405.1,ASM3694240v1,PRJEB62038,,,14677118,ftp://ftp.ncbi.nlm.nih.gov/genomes/all/GCA/036/942/405/GCA_036942405.1_ASM3694240v1/GCA_036942405.1_ASM3694240v1,38034167,PRJNA1033522,Are-1,,Portugal,,,,,
GCA_036942075.1,ASM3694207v1,PRJEB62038,,,19988671,ftp://ftp.ncbi.nlm.nih.gov/genomes/all/GCA/036/942/075/GCA_036942075.1_ASM3694207v1/GCA_036942075.1_ASM3694207v1,38034165,PRJNA1033522,Toufl-1,,Morocco,,,,,
GCA_036941985.1,ASM3694198v1,PRJEB62038,,,14071672,ftp://ftp.ncbi.nlm.nih.gov/genomes/all/GCA/036/941/985/GCA_036941985.1_ASM3694198v1/GCA_036941985.1_ASM3694198v1,38034164,PRJNA1033522,Nemrut-1,,Turkey,,,,,
GCA_036941915.1,ASM3694191v1,PRJEB62038,,,13541713,ftp://ftp.ncbi.nlm.nih.gov/genomes/all/GCA/036/941/915/GCA_036941915.1_ASM3694191v1/GCA_036941915.1_ASM3694191v1,38034163,PRJNA1033522,Dog-4,,Turkey,,,,,
GCA_036941785.1,ASM3694178v1,PRJEB62038,,,18237250,ftp://ftp.ncbi.nlm.nih.gov/genomes/all/GCA/036/941/785/GCA_036941785.1_ASM3694178v1/GCA_036941785.1_ASM3694178v1,38034161,PRJNA1033522,Valsi-1,,Italy,,,,,
GCA_036941635.1,ASM3694163v1,PRJEB62038,,,11056060,ftp://ftp.ncbi.nlm.nih.gov/genomes/all/GCA/036/941/635/GCA_036941635.1_ASM3694163v1/GCA_036941635.1_ASM3694163v1,38034160,PRJNA1033522,PYL-1,,France,,,,,
GCA_036941465.1,ASM3694146v1,PRJEB62038,,,13504901,ftp://ftp.ncbi.nlm.nih.gov/genomes/all/GCA/036/941/465/GCA_036941465.1_ASM3694146v1/GCA_036941465.1_ASM3694146v1,38034159,PRJNA1033522,Zin9,,Morocco,,,,,
GCA_036941295.1,ASM3694129v1,PRJEB62038,,,22451797,ftp://ftp.ncbi.nlm.nih.gov/genomes/all/GCA/036/941/295/GCA_036941295.1_ASM3694129v1/GCA_036941295.1_ASM3694129v1,38034158,PRJNA1033522,ws-4,,Belarus,,,,,
GCA_036941165.1,ASM3694116v1,PRJEB62038,,,6863648,ftp://ftp.ncbi.nlm.nih.gov/genomes/all/GCA/036/941/165/GCA_036941165.1_ASM3694116v1/GCA_036941165.1_ASM3694116v1,38034157,PRJNA1033522,Taz-0,,Morocco,,,,,
GCA_036940995.1,ASM3694099v1,PRJEB62038,,,14499733,ftp://ftp.ncbi.nlm.nih.gov/genomes/all/GCA/036/940/995/GCA_036940995.1_ASM3694099v1/GCA_036940995.1_ASM3694099v1,38034156,PRJNA1033522,Tanz-1,,Tanzania,,,,,
GCA_036940825.1,ASM3694082v1,PRJEB62038,,,12878610,ftp://ftp.ncbi.nlm.nih.gov/genomes/all/GCA/036/940/825/GCA_036940825.1_ASM3694082v1/GCA_036940825.1_ASM3694082v1,38034155,PRJNA1033522,Stw-0,,Russia,,,,,
GCA_036940715.1,ASM3694071v1,PRJEB62038,,,9672734,ftp://ftp.ncbi.nlm.nih.gov/genomes/all/GCA/036/940/715/GCA_036940715.1_ASM3694071v1/GCA_036940715.1_ASM3694071v1,38034154,PRJNA1033522,St-0,,Sweden,,,,,
GCA_036940645.1,ASM3694064v1,PRJEB62038,,,8710807,ftp://ftp.ncbi.nlm.nih.gov/genomes/all/GCA/036/940/645/GCA_036940645.1_ASM3694064v1/GCA_036940645.1_ASM3694064v1,38034153,PRJNA1033522,Rab-R1,,Portugal,,,,,
GCA_036940635.1,ASM3694063v1,PRJEB62038,,,12862919,ftp://ftp.ncbi.nlm.nih.gov/genomes/all/GCA/036/940/635/GCA_036940635.1_ASM3694063v1/GCA_036940635.1_ASM3694063v1,38034152,PRJNA1033522,Ice-1,,Iceland,,,,,
GCA_036940625.1,ASM3694062v1,PRJEB62038,,,19614667,ftp://ftp.ncbi.nlm.nih.gov/genomes/all/GCA/036/940/625/GCA_036940625.1_ASM3694062v1/GCA_036940625.1_ASM3694062v1,38034151,PRJNA1033522,Tul-0,,USA,,,,,
GCA_036940615.1,ASM3694061v1,PRJEB62038,,,14819018,ftp://ftp.ncbi.nlm.nih.gov/genomes/all/GCA/036/940/615/GCA_036940615.1_ASM3694061v1/GCA_036940615.1_ASM3694061v1,38034150,PRJNA1033522,Sf-2,,Spain,,,,,
GCA_036940605.1,ASM3694060v1,PRJEB62038,,,13373708,ftp://ftp.ncbi.nlm.nih.gov/genomes/all/GCA/036/940/605/GCA_036940605.1_ASM3694060v1/GCA_036940605.1_ASM3694060v1,38034149,PRJNA1033522,Qar-8a,,Lebanon,,,,,
GCA_036940415.1,ASM3694041v1,PRJEB62038,,,20694412,ftp://ftp.ncbi.nlm.nih.gov/genomes/all/GCA/036/940/415/GCA_036940415.1_ASM3694041v1/GCA_036940415.1_ASM3694041v1,38034148,PRJNA1033522,No-0,,Germany,,,,,
GCA_036940405.1,ASM3694040v1,PRJEB62038,,,10674293,ftp://ftp.ncbi.nlm.nih.gov/genomes/all/GCA/036/940/405/GCA_036940405.1_ASM3694040v1/GCA_036940405.1_ASM3694040v1,38034147,PRJNA1033522,N13,,Russia,,,,,
GCA_036940335.1,ASM3694033v1,PRJEB62038,,,10578066,ftp://ftp.ncbi.nlm.nih.gov/genomes/all/GCA/036/940/335/GCA_036940335.1_ASM3694033v1/GCA_036940335.1_ASM3694033v1,38034146,PRJNA1033522,Etna-2,,Italy,,,,,
GCA_036940305.1,ASM3694030v1,PRJEB62038,,,16268105,ftp://ftp.ncbi.nlm.nih.gov/genomes/all/GCA/036/940/305/GCA_036940305.1_ASM3694030v1/GCA_036940305.1_ASM3694030v1,38034144,PRJNA1033522,Edi-0,,United Kingdom,,,,,
GCA_036939995.1,ASM3693999v1,PRJEB62038,,,12744662,ftp://ftp.ncbi.nlm.nih.gov/genomes/all/GCA/036/939/995/GCA_036939995.1_ASM3693999v1/GCA_036939995.1_ASM3693999v1,38034145,PRJNA1033522,Elh-2,,Morocco,,,,,
GCA_036938785.1,ASM3693878v1,PRJEB62038,,,8823521,ftp://ftp.ncbi.nlm.nih.gov/genomes/all/GCA/036/938/785/GCA_036938785.1_ASM3693878v1/GCA_036938785.1_ASM3693878v1,38034143,PRJNA1033522,Zal-1,,Kyrgyzstan,,,,,
GCA_036937985.1,ASM3693798v1,PRJEB62038,,,9960636,ftp://ftp.ncbi.nlm.nih.gov/genomes/all/GCA/036/937/985/GCA_036937985.1_ASM3693798v1/GCA_036937985.1_ASM3693798v1,38034141,PRJNA1033522,Sah-0,,Spain,,,,,
GCA_036937815.1,ASM3693781v1,PRJEB62038,,,6946514,ftp://ftp.ncbi.nlm.nih.gov/genomes/all/GCA/036/937/815/GCA_036937815.1_ASM3693781v1/GCA_036937815.1_ASM3693781v1,38034142,PRJNA1033522,Sus-1,,Kyrgyzstan,,,,,
GCA_036937805.1,ASM3693780v1,PRJEB62038,,,7262704,ftp://ftp.ncbi.nlm.nih.gov/genomes/all/GCA/036/937/805/GCA_036937805.1_ASM3693780v1/GCA_036937805.1_ASM3693780v1,38034140,PRJNA1033522,Rubezhnoe-1,,Ukraine,,,,,
GCA_036937515.1,ASM3693751v1,PRJEB62038,,,12733665,ftp://ftp.ncbi.nlm.nih.gov/genomes/all/GCA/036/937/515/GCA_036937515.1_ASM3693751v1/GCA_036937515.1_ASM3693751v1,38034139,PRJNA1033522,RRS10,,USA,,,,,
GCA_036937505.1,ASM3693750v1,PRJEB62038,,,10478321,ftp://ftp.ncbi.nlm.nih.gov/genomes/all/GCA/036/937/505/GCA_036937505.1_ASM3693750v1/GCA_036937505.1_ASM3693750v1,38034138,PRJNA1033522,Kar-1,,Kyrgyzstan,,,,,
GCA_036937475.1,ASM3693747v1,PRJEB62038,,,15084202,ftp://ftp.ncbi.nlm.nih.gov/genomes/all/GCA/036/937/475/GCA_036937475.1_ASM3693747v1/GCA_036937475.1_ASM3693747v1,38034137,PRJNA1033522,Altai-5,,China,,,,,
GCA_036937465.1,ASM3693746v1,PRJEB62038,,,15207294,ftp://ftp.ncbi.nlm.nih.gov/genomes/all/GCA/036/937/465/GCA_036937465.1_ASM3693746v1/GCA_036937465.1_ASM3693746v1,38034135,PRJNA1033522,Rld-2,,Russia,,,,,
GCA_036937455.1,ASM3693745v1,PRJEB62038,,,18157913,ftp://ftp.ncbi.nlm.nih.gov/genomes/all/GCA/036/937/455/GCA_036937455.1_ASM3693745v1/GCA_036937455.1_ASM3693745v1,38034136,PRJNA1033522,Abd-0,,United Kingdom,,,,,
GCA_036937385.1,ASM3693738v1,PRJEB62038,,,10607497,ftp://ftp.ncbi.nlm.nih.gov/genomes/all/GCA/036/937/385/GCA_036937385.1_ASM3693738v1/GCA_036937385.1_ASM3693738v1,38034134,PRJNA1033522,Nov-02,,Russia,,,,,
GCA_036937335.1,ASM3693733v1,PRJEB62038,,,11757191,ftp://ftp.ncbi.nlm.nih.gov/genomes/all/GCA/036/937/335/GCA_036937335.1_ASM3693733v1/GCA_036937335.1_ASM3693733v1,38034133,PRJNA1033522,Kyr-1,,Kyrgyzstan,,,,,
GCA_036937185.1,ASM3693718v1,PRJEB62038,,,10820658,ftp://ftp.ncbi.nlm.nih.gov/genomes/all/GCA/036/937/185/GCA_036937185.1_ASM3693718v1/GCA_036937185.1_ASM3693718v1,38034132,PRJNA1033522,Ishikawa,,Japan,,,,,
GCA_036937005.1,ASM3693700v1,PRJEB62038,,,22233363,ftp://ftp.ncbi.nlm.nih.gov/genomes/all/GCA/036/937/005/GCA_036937005.1_ASM3693700v1/GCA_036937005.1_ASM3693700v1,38034131,PRJNA1033522,Hiroshima,,Japan,,,,,
GCA_036936955.1,ASM3693695v1,PRJEB62038,,,12917983,ftp://ftp.ncbi.nlm.nih.gov/genomes/all/GCA/036/936/955/GCA_036936955.1_ASM3693695v1/GCA_036936955.1_ASM3693695v1,38034130,PRJNA1033522,Had-6b,,Lebanon,,,,,
GCA_036936945.1,ASM3693694v1,PRJEB62038,,,12375209,ftp://ftp.ncbi.nlm.nih.gov/genomes/all/GCA/036/936/945/GCA_036936945.1_ASM3693694v1/GCA_036936945.1_ASM3693694v1,38034129,PRJNA1033522,Est-1,,Estonia,,,,,
GCA_036936915.1,ASM3693691v1,PRJEB62038,,,15242895,ftp://ftp.ncbi.nlm.nih.gov/genomes/all/GCA/036/936/915/GCA_036936915.1_ASM3693691v1/GCA_036936915.1_ASM3693691v1,38034128,PRJNA1033522,Co-4,,Portugal,,,,,
GCA_036936905.1,ASM3693690v1,PRJEB62038,,,13434763,ftp://ftp.ncbi.nlm.nih.gov/genomes/all/GCA/036/936/905/GCA_036936905.1_ASM3693690v1/GCA_036936905.1_ASM3693690v1,38034127,PRJNA1033522,Ms-0,,Russia,,,,,
GCA_036936895.1,ASM3693689v1,PRJEB62038,,,14184333,ftp://ftp.ncbi.nlm.nih.gov/genomes/all/GCA/036/936/895/GCA_036936895.1_ASM3693689v1/GCA_036936895.1_ASM3693689v1,38034126,PRJNA1033522,Mr-0,,Italy,,,,,
GCA_036936885.1,ASM3693688v1,PRJEB62038,,,21343497,ftp://ftp.ncbi.nlm.nih.gov/genomes/all/GCA/036/936/885/GCA_036936885.1_ASM3693688v1/GCA_036936885.1_ASM3693688v1,38034125,PRJNA1033522,Mh-0,,Poland,,,,,
GCA_036936845.1,ASM3693684v1,PRJEB62038,,,9795683,ftp://ftp.ncbi.nlm.nih.gov/genomes/all/GCA/036/936/845/GCA_036936845.1_ASM3693684v1/GCA_036936845.1_ASM3693684v1,38034124,PRJNA1033522,Kas-1,,India,,,,,
GCA_036936715.1,ASM3693671v1,PRJEB62038,,,13123206,ftp://ftp.ncbi.nlm.nih.gov/genomes/all/GCA/036/936/715/GCA_036936715.1_ASM3693671v1/GCA_036936715.1_ASM3693671v1,38034123,PRJNA1033522,Est-0,,Estonia,,,,,
GCA_036936705.1,ASM3693670v1,PRJEB62038,,,19722841,ftp://ftp.ncbi.nlm.nih.gov/genomes/all/GCA/036/936/705/GCA_036936705.1_ASM3693670v1/GCA_036936705.1_ASM3693670v1,38034122,PRJNA1033522,Db-1,,Germany,,,,,
GCA_965152635.1,Tsu-0.7373.PacbioHiFiAssembly,Max Planck Institute for Biology Tuebingen,,,22873944,ftp://ftp.ncbi.nlm.nih.gov/genomes/all/GCA/965/152/635/GCA_965152635.1_Tsu-0.7373.PacbioHiFiAssembly/GCA_965152635.1_Tsu-0.7373.PacbioHiFiAssembly,47478231,PRJEB85646,,,,,Tsu-0,Japan,Tsu-0 (ecotype_ID: 7373),Tsu-0 (ecotype_ID: 7373)
GCA_965117515.1,MONT-B-14.22048.PacbioHiFiAssembly,max planck institute for biology tuebingen,,,15329417,ftp://ftp.ncbi.nlm.nih.gov/genomes/all/GCA/965/117/515/GCA_965117515.1_MONT-B-14.22048.PacbioHiFiAssembly/GCA_965117515.1_MONT-B-14.22048.PacbioHiFiAssembly,46498451,PRJEB80227,,,,,MONT-B-14,France,MONT-B-14 (ecotype_ID: 22048) DNA,MONT-B-14 (ecotype_ID: 22048) DNA
GCA_965117615.1,JUZE-A-3.22036.PacbioHiFiAssembly,max planck institute for biology tuebingen,,,24164850,ftp://ftp.ncbi.nlm.nih.gov/genomes/all/GCA/965/117/615/GCA_965117615.1_JUZE-A-3.22036.PacbioHiFiAssembly/GCA_965117615.1_JUZE-A-3.22036.PacbioHiFiAssembly,46498877,PRJEB80227,,,,,JUZE-A-3,France,JUZE-A-3 (ecotype_ID: 22036) DNA,JUZE-A-3 (ecotype_ID: 22036) DNA
GCA_965117715.1,GAIL-B-9.22034.PacbioHiFiAssembly,max planck institute for biology tuebingen,,,12837672,ftp://ftp.ncbi.nlm.nih.gov/genomes/all/GCA/965/117/715/GCA_965117715.1_GAIL-B-9.22034.PacbioHiFiAssembly/GCA_965117715.1_GAIL-B-9.22034.PacbioHiFiAssembly,46499124,PRJEB80227,,,,,GAIL-B-9,France,GAIL-B-9 (ecotype_ID: 22034) DNA,GAIL-B-9 (ecotype_ID: 22034) DNA
GCA_965117485.1,RAYR-A-17.22055.PacbioHiFiAssembly,max planck institute for biology tuebingen,,,13666912,ftp://ftp.ncbi.nlm.nih.gov/genomes/all/GCA/965/117/485/GCA_965117485.1_RAYR-A-17.22055.PacbioHiFiAssembly/GCA_965117485.1_RAYR-A-17.22055.PacbioHiFiAssembly,46502186,PRJEB80227,,,,,RAYR-A-17,France,RAYR-A-17 (ecotype_ID: 22055) DNA,RAYR-A-17 (ecotype_ID: 22055) DNA
GCA_965117585.1,LUZE-A-12.22041.PacbioHiFiAssembly,max planck institute for biology tuebingen,,,14489556,ftp://ftp.ncbi.nlm.nih.gov/genomes/all/GCA/965/117/585/GCA_965117585.1_LUZE-A-12.22041.PacbioHiFiAssembly/GCA_965117585.1_LUZE-A-12.22041.PacbioHiFiAssembly,46497951,PRJEB80227,,,,,LUZE-A-12,France,LUZE-A-12 (ecotype_ID: 22041) DNA,LUZE-A-12 (ecotype_ID: 22041) DNA
GCA_965117685.1,CARL-A-16.22030.PacbioHiFiAssembly,max planck institute for biology tuebingen,,,14828576,ftp://ftp.ncbi.nlm.nih.gov/genomes/all/GCA/965/117/685/GCA_965117685.1_CARL-A-16.22030.PacbioHiFiAssembly/GCA_965117685.1_CARL-A-16.22030.PacbioHiFiAssembly,46498140,PRJEB80227,,,,,CARL-A-16,France,CARL-A-16 (ecotype_ID: 22030) DNA,CARL-A-16 (ecotype_ID: 22030) DNA
GCA_965117565.1,MERE-A-7.22044.PacbioHiFiAssembly,max planck institute for biology tuebingen,,,15503574,ftp://ftp.ncbi.nlm.nih.gov/genomes/all/GCA/965/117/565/GCA_965117565.1_MERE-A-7.22044.PacbioHiFiAssembly/GCA_965117565.1_MERE-A-7.22044.PacbioHiFiAssembly,46499475,PRJEB80227,,,,,MERE-A-7,France,MERE-A-7 (ecotype_ID: 22044) DNA,MERE-A-7 (ecotype_ID: 22044) DNA
GCA_965117665.1,JUZE-A-2.22035.PacbioHiFiAssembly,max planck institute for biology tuebingen,,,14390617,ftp://ftp.ncbi.nlm.nih.gov/genomes/all/GCA/965/117/665/GCA_965117665.1_JUZE-A-2.22035.PacbioHiFiAssembly/GCA_965117665.1_JUZE-A-2.22035.PacbioHiFiAssembly,46498446,PRJEB80227,,,,,JUZE-A-2,France,JUZE-A-2 (ecotype_ID: 22035) DNA,JUZE-A-2 (ecotype_ID: 22035) DNA
GCA_965117545.1,BELL-A-1.22021.PacbioHiFiAssembly,max planck institute for biology tuebingen,,,14152929,ftp://ftp.ncbi.nlm.nih.gov/genomes/all/GCA/965/117/545/GCA_965117545.1_BELL-A-1.22021.PacbioHiFiAssembly/GCA_965117545.1_BELL-A-1.22021.PacbioHiFiAssembly,46501519,PRJEB80227,,,,,BELL-A-1,France,BELL-A-1 (ecotype_ID: 22021) DNA,BELL-A-1 (ecotype_ID: 22021) DNA
GCA_965117645.1,BROU-A-2.22026.PacbioHiFiAssembly,max planck institute for biology tuebingen,,,13032462,ftp://ftp.ncbi.nlm.nih.gov/genomes/all/GCA/965/117/645/GCA_965117645.1_BROU-A-2.22026.PacbioHiFiAssembly/GCA_965117645.1_BROU-A-2.22026.PacbioHiFiAssembly,46498790,PRJEB80227,,,,,BROU-A-2,France,BROU-A-2 (ecotype_ID: 22026) DNA,BROU-A-2 (ecotype_ID: 22026) DNA
GCA_965117525.1,NAUV-B-7.22052.PacbioHiFiAssembly,max planck institute for biology tuebingen,,,9997869,ftp://ftp.ncbi.nlm.nih.gov/genomes/all/GCA/965/117/525/GCA_965117525.1_NAUV-B-7.22052.PacbioHiFiAssembly/GCA_965117525.1_NAUV-B-7.22052.PacbioHiFiAssembly,46500667,PRJEB80227,,,,,NAUV-B-7,France,NAUV-B-7 (ecotype_ID: 22052) DNA,NAUV-B-7 (ecotype_ID: 22052) DNA
GCA_965117625.1,BOULO-A-16.22024.PacbioHiFiAssembly,max planck institute for biology tuebingen,,,14805843,ftp://ftp.ncbi.nlm.nih.gov/genomes/all/GCA/965/117/625/GCA_965117625.1_BOULO-A-16.22024.PacbioHiFiAssembly/GCA_965117625.1_BOULO-A-16.22024.PacbioHiFiAssembly,46497925,PRJEB80227,,,,,BOULO-A-16,France,BOULO-A-16 (ecotype_ID: 22024) DNA,BOULO-A-16 (ecotype_ID: 22024) DNA
GCA_965117505.1,LUZE-A-14.22042.PacbioHiFiAssembly,max planck institute for biology tuebingen,,,13063026,ftp://ftp.ncbi.nlm.nih.gov/genomes/all/GCA/965/117/505/GCA_965117505.1_LUZE-A-14.22042.PacbioHiFiAssembly/GCA_965117505.1_LUZE-A-14.22042.PacbioHiFiAssembly,46502054,PRJEB80227,,,,,LUZE-A-14,France,LUZE-A-14 (ecotype_ID: 22042) DNA,LUZE-A-14 (ecotype_ID: 22042) DNA
GCA_965117725.1,AUZE-A-11.22011.PacbioHiFiAssembly,max planck institute for biology tuebingen,,,19807563,ftp://ftp.ncbi.nlm.nih.gov/genomes/all/GCA/965/117/725/GCA_965117725.1_AUZE-A-11.22011.PacbioHiFiAssembly/GCA_965117725.1_AUZE-A-11.22011.PacbioHiFiAssembly,46500852,PRJEB80227,,,,,AUZE-A-11,France,AUZE-A-11 (ecotype_ID: 22011) DNA,AUZE-A-11 (ecotype_ID: 22011) DNA
GCA_965117605.1,RAYR-A-9.22056.PacbioHiFiAssembly,max planck institute for biology tuebingen,,,13391339,ftp://ftp.ncbi.nlm.nih.gov/genomes/all/GCA/965/117/605/GCA_965117605.1_RAYR-A-9.22056.PacbioHiFiAssembly/GCA_965117605.1_RAYR-A-9.22056.PacbioHiFiAssembly,46501458,PRJEB80227,,,,,RAYR-A-9,France,RAYR-A-9 (ecotype_ID: 22056) DNA,RAYR-A-9 (ecotype_ID: 22056) DNA
GCA_965117705.1,MONT-B-12.22047.PacbioHiFiAssembly,max planck institute for biology tuebingen,,,13981906,ftp://ftp.ncbi.nlm.nih.gov/genomes/all/GCA/965/117/705/GCA_965117705.1_MONT-B-12.22047.PacbioHiFiAssembly/GCA_965117705.1_MONT-B-12.22047.PacbioHiFiAssembly,46499804,PRJEB80227,,,,,MONT-B-12,France,MONT-B-12 (ecotype_ID: 22047) DNA,MONT-B-12 (ecotype_ID: 22047) DNA
GCA_965117595.1,MONF-A-14.22046.PacbioHiFiAssembly,max planck institute for biology tuebingen,,,12844060,ftp://ftp.ncbi.nlm.nih.gov/genomes/all/GCA/965/117/595/GCA_965117595.1_MONF-A-14.22046.PacbioHiFiAssembly/GCA_965117595.1_MONF-A-14.22046.PacbioHiFiAssembly,46501882,PRJEB80227,,,,,MONF-A-14,France,MONF-A-14 (ecotype_ID: 22046) DNA,MONF-A-14 (ecotype_ID: 22046) DNA
GCA_965117475.1,MONF-A-1.22045.PacbioHiFiAssembly,max planck institute for biology tuebingen,,,22463083,ftp://ftp.ncbi.nlm.nih.gov/genomes/all/GCA/965/117/475/GCA_965117475.1_MONF-A-1.22045.PacbioHiFiAssembly/GCA_965117475.1_MONF-A-1.22045.PacbioHiFiAssembly,46498613,PRJEB80227,,,,,MONF-A-1,France,MONF-A-1 (ecotype_ID: 22045) DNA,MONF-A-1 (ecotype_ID: 22045) DNA
GCA_965117695.1,CARL-A-10.22029.PacbioHiFiAssembly,max planck institute for biology tuebingen,,,20173444,ftp://ftp.ncbi.nlm.nih.gov/genomes/all/GCA/965/117/695/GCA_965117695.1_CARL-A-10.22029.PacbioHiFiAssembly/GCA_965117695.1_CARL-A-10.22029.PacbioHiFiAssembly,46501402,PRJEB80227,,,,,CARL-A-10,France,CARL-A-10 (ecotype_ID: 22029) DNA,CARL-A-10 (ecotype_ID: 22029) DNA
GCA_965117575.1,LANT-B-10.22040.PacbioHiFiAssembly,max planck institute for biology tuebingen,,,26021474,ftp://ftp.ncbi.nlm.nih.gov/genomes/all/GCA/965/117/575/GCA_965117575.1_LANT-B-10.22040.PacbioHiFiAssembly/GCA_965117575.1_LANT-B-10.22040.PacbioHiFiAssembly,46500327,PRJEB80227,,,,,LANT-B-10,France,LANT-B-10 (ecotype_ID: 22040) DNA,LANT-B-10 (ecotype_ID: 22040) DNA
GCA_965117675.1,BOULO-A-1.22023.PacbioHiFiAssembly,max planck institute for biology tuebingen,,,12946330,ftp://ftp.ncbi.nlm.nih.gov/genomes/all/GCA/965/117/675/GCA_965117675.1_BOULO-A-1.22023.PacbioHiFiAssembly/GCA_965117675.1_BOULO-A-1.22023.PacbioHiFiAssembly,46501946,PRJEB80227,,,,,BOULO-A-1,France,BOULO-A-1 (ecotype_ID: 22023) DNA,BOULO-A-1 (ecotype_ID: 22023) DNA
GCA_965117555.1,PREI-A-9.22054.PacbioHiFiAssembly,max planck institute for biology tuebingen,,,18493395,ftp://ftp.ncbi.nlm.nih.gov/genomes/all/GCA/965/117/555/GCA_965117555.1_PREI-A-9.22054.PacbioHiFiAssembly/GCA_965117555.1_PREI-A-9.22054.PacbioHiFiAssembly,46499940,PRJEB80227,,,,,PREI-A-9,France,PREI-A-9 (ecotype_ID: 22054) DNA,PREI-A-9 (ecotype_ID: 22054) DNA
GCA_965117655.1,NAUV-B-14.22051.PacbioHiFiAssembly,max planck institute for biology tuebingen,,,11224144,ftp://ftp.ncbi.nlm.nih.gov/genomes/all/GCA/965/117/655/GCA_965117655.1_NAUV-B-14.22051.PacbioHiFiAssembly/GCA_965117655.1_NAUV-B-14.22051.PacbioHiFiAssembly,46499315,PRJEB80227,,,,,NAUV-B-14,France,NAUV-B-14 (ecotype_ID: 22051) DNA,NAUV-B-14 (ecotype_ID: 22051) DNA
GCA_965117535.1,LACR-C-4.22038.PacbioHiFiAssembly,max planck institute for biology tuebingen,,,14023906,ftp://ftp.ncbi.nlm.nih.gov/genomes/all/GCA/965/117/535/GCA_965117535.1_LACR-C-4.22038.PacbioHiFiAssembly/GCA_965117535.1_LACR-C-4.22038.PacbioHiFiAssembly,46500000,PRJEB80227,,,,,LACR-C-4,France,LACR-C-4 (ecotype_ID: 22038) DNA,LACR-C-4 (ecotype_ID: 22038) DNA
GCA_965117635.1,BELL-A-7.22022.PacbioHiFiAssembly,max planck institute for biology tuebingen,,,11461122,ftp://ftp.ncbi.nlm.nih.gov/genomes/all/GCA/965/117/635/GCA_965117635.1_BELL-A-7.22022.PacbioHiFiAssembly/GCA_965117635.1_BELL-A-7.22022.PacbioHiFiAssembly,46499225,PRJEB80227,,,,,BELL-A-7,France,BELL-A-7 (ecotype_ID: 22022) DNA,BELL-A-7 (ecotype_ID: 22022) DNA
GCA_965117495.1,LANT-B-1.22039.PacbioHiFiAssembly,max planck institute for biology tuebingen,,,22554751,ftp://ftp.ncbi.nlm.nih.gov/genomes/all/GCA/965/117/495/GCA_965117495.1_LANT-B-1.22039.PacbioHiFiAssembly/GCA_965117495.1_LANT-B-1.22039.PacbioHiFiAssembly,46499750,PRJEB80227,,,,,LANT-B-1,France,LANT-B-1 (ecotype_ID: 22039) DNA,LANT-B-1 (ecotype_ID: 22039) DNA
GCA_043165945.1,IMAGED_Live_23,Salk Institute for Biological Studies,,,12213486,ftp://ftp.ncbi.nlm.nih.gov/genomes/all/GCA/043/165/945/GCA_043165945.1_IMAGED_Live_23/GCA_043165945.1_IMAGED_Live_23,43273862,PRJNA732724,Columbia,,USA,,,,,
GCA_043165325.1,IMAGED_Live_20,Salk Institute for Biological Studies,,,7619363,ftp://ftp.ncbi.nlm.nih.gov/genomes/all/GCA/043/165/325/GCA_043165325.1_IMAGED_Live_20/GCA_043165325.1_IMAGED_Live_20,43273861,PRJNA732724,Columbia,,USA,,,,,
GCA_043165315.1,IMAGED_Live_14,Salk Institute for Biological Studies,,,787555,ftp://ftp.ncbi.nlm.nih.gov/genomes/all/GCA/043/165/315/GCA_043165315.1_IMAGED_Live_14/GCA_043165315.1_IMAGED_Live_14,43273860,PRJNA732724,Columbia,,USA,,,,,
GCA_043165235.1,IMAGED_Live_21,Salk Institute for Biological Studies,,,11269413,ftp://ftp.ncbi.nlm.nih.gov/genomes/all/GCA/043/165/235/GCA_043165235.1_IMAGED_Live_21/GCA_043165235.1_IMAGED_Live_21,43273863,PRJNA732724,Columbia,,USA,,,,,
GCA_964057265.1,LI-EF-011.685.PacbioHiFiAssembly,max planck institute for biology tuebingen,,,25735296,ftp://ftp.ncbi.nlm.nih.gov/genomes/all/GCA/964/057/265/GCA_964057265.1_LI-EF-011.685.PacbioHiFiAssembly/GCA_964057265.1_LI-EF-011.685.PacbioHiFiAssembly,42776607,PRJEB75768,,,,,LI-EF-011,USA,,
GCA_964057255.1,Pent-46.2212.PacbioHiFiAssembly,max planck institute for biology tuebingen,,,22286730,ftp://ftp.ncbi.nlm.nih.gov/genomes/all/GCA/964/057/255/GCA_964057255.1_Pent-46.2212.PacbioHiFiAssembly/GCA_964057255.1_Pent-46.2212.PacbioHiFiAssembly,42762178,PRJEB75768,,,,,Pent-46,USA,,
GCA_964057275.1,14INRCT07.PacbioHiFiAssembly,max planck institute for biology tuebingen,,,25459315,ftp://ftp.ncbi.nlm.nih.gov/genomes/all/GCA/964/057/275/GCA_964057275.1_14INRCT07.PacbioHiFiAssembly/GCA_964057275.1_14INRCT07.PacbioHiFiAssembly,42776283,PRJEB75768,,,,,14INRCT07,USA,,
GCA_963990585.1,Col.TEmutant,Huazhong Agricultural University,,,2839571,ftp://ftp.ncbi.nlm.nih.gov/genomes/all/GCA/963/990/585/GCA_963990585.1_Col.TEmutant/GCA_963990585.1_Col.TEmutant,41666177,PRJEB73629,,,,,,Sweden,ena-SAMPLE-TAB-12-03-2024-12:34:00:951-62426,ena-SAMPLE-TAB-12-03-2024-12:34:00:951-62426
GCA_036926925.1,ASM3692692v1,PRJEB62038,,,14294971,ftp://ftp.ncbi.nlm.nih.gov/genomes/all/GCA/036/926/925/GCA_036926925.1_ASM3692692v1/GCA_036926925.1_ASM3692692v1,38034190,PRJNA1033522,Yo-0,,USA,,,,,
GCA_036926975.1,ASM3692697v1,PRJEB62038,,,13874141,ftp://ftp.ncbi.nlm.nih.gov/genomes/all/GCA/036/926/975/GCA_036926975.1_ASM3692697v1/GCA_036926975.1_ASM3692697v1,38034189,PRJNA1033522,Tsu-0,,Japan,,,,,
GCA_036927025.1,ASM3692702v1,PRJEB62038,,,14097773,ftp://ftp.ncbi.nlm.nih.gov/genomes/all/GCA/036/927/025/GCA_036927025.1_ASM3692702v1/GCA_036927025.1_ASM3692702v1,38034187,PRJNA1033522,Shahdara,,Tajikistan,,,,,
GCA_036927045.1,ASM3692704v1,PRJEB62038,,,14497886,ftp://ftp.ncbi.nlm.nih.gov/genomes/all/GCA/036/927/045/GCA_036927045.1_ASM3692704v1/GCA_036927045.1_ASM3692704v1,38034188,PRJNA1033522,Shigu-2,,Russia,,,,,
GCA_036926965.1,ASM3692696v1,PRJEB62038,,,15036229,ftp://ftp.ncbi.nlm.nih.gov/genomes/all/GCA/036/926/965/GCA_036926965.1_ASM3692696v1/GCA_036926965.1_ASM3692696v1,38034186,PRJNA1033522,Ri-0,,Canada,,,,,
GCA_036927255.1,ASM3692725v1,PRJEB62038,,,13890529,ftp://ftp.ncbi.nlm.nih.gov/genomes/all/GCA/036/927/255/GCA_036927255.1_ASM3692725v1/GCA_036927255.1_ASM3692725v1,38034184,PRJNA1033522,Nok-1,,Netherlands,,,,,
GCA_036927085.1,ASM3692708v1,PRJEB62038,,,14816524,ftp://ftp.ncbi.nlm.nih.gov/genomes/all/GCA/036/927/085/GCA_036927085.1_ASM3692708v1/GCA_036927085.1_ASM3692708v1,38034185,PRJNA1033522,Oy-0,,Norway,,,,,
GCA_036927245.1,ASM3692724v1,PRJEB62038,,,14713123,ftp://ftp.ncbi.nlm.nih.gov/genomes/all/GCA/036/927/245/GCA_036927245.1_ASM3692724v1/GCA_036927245.1_ASM3692724v1,38034182,PRJNA1033522,JEA,,France,,,,,
GCA_036927265.1,ASM3692726v1,PRJEB62038,,,14385031,ftp://ftp.ncbi.nlm.nih.gov/genomes/all/GCA/036/927/265/GCA_036927265.1_ASM3692726v1/GCA_036927265.1_ASM3692726v1,38034180,PRJNA1033522,Ge-0,,Switzerland,,,,,
GCA_036927285.1,ASM3692728v1,PRJEB62038,,,12918157,ftp://ftp.ncbi.nlm.nih.gov/genomes/all/GCA/036/927/285/GCA_036927285.1_ASM3692728v1/GCA_036927285.1_ASM3692728v1,38034176,PRJNA1033522,Can-0,,Spain,,,,,
GCA_036927275.1,ASM3692727v1,PRJEB62038,,,13954847,ftp://ftp.ncbi.nlm.nih.gov/genomes/all/GCA/036/927/275/GCA_036927275.1_ASM3692727v1/GCA_036927275.1_ASM3692727v1,38034178,PRJNA1033522,Ct-1,,Italy,,,,,
GCA_036927355.1,ASM3692735v1,PRJEB62038,,,13238605,ftp://ftp.ncbi.nlm.nih.gov/genomes/all/GCA/036/927/355/GCA_036927355.1_ASM3692735v1/GCA_036927355.1_ASM3692735v1,38034175,PRJNA1033522,Cant-1,,Spain,,,,,
GCA_036927375.1,ASM3692737v1,PRJEB62038,,,14319691,ftp://ftp.ncbi.nlm.nih.gov/genomes/all/GCA/036/927/375/GCA_036927375.1_ASM3692737v1/GCA_036927375.1_ASM3692737v1,38034174,PRJNA1033522,Bur-0,,Ireland,,,,,
GCA_036927365.1,ASM3692736v1,PRJEB62038,,,14368148,ftp://ftp.ncbi.nlm.nih.gov/genomes/all/GCA/036/927/365/GCA_036927365.1_ASM3692736v1/GCA_036927365.1_ASM3692736v1,38034173,PRJNA1033522,Blh-1,,Czech Republic,,,,,
GCA_036927435.1,ASM3692743v1,PRJEB62038,,,14886835,ftp://ftp.ncbi.nlm.nih.gov/genomes/all/GCA/036/927/435/GCA_036927435.1_ASM3692743v1/GCA_036927435.1_ASM3692743v1,38034170,PRJNA1033522,Are-10,,Portugal,,,,,
GCA_036927385.1,ASM3692738v1,PRJEB62038,,,14427628,ftp://ftp.ncbi.nlm.nih.gov/genomes/all/GCA/036/927/385/GCA_036927385.1_ASM3692738v1/GCA_036927385.1_ASM3692738v1,38034171,PRJNA1033522,Bay-0,,Germany,,,,,
GCA_036927485.1,ASM3692748v1,PRJEB62038,,,12733282,ftp://ftp.ncbi.nlm.nih.gov/genomes/all/GCA/036/927/485/GCA_036927485.1_ASM3692748v1/GCA_036927485.1_ASM3692748v1,38034166,PRJNA1033522,Anz-0,,Iran,,,,,
GCA_036927505.1,ASM3692750v1,PRJEB62038,,,11888122,ftp://ftp.ncbi.nlm.nih.gov/genomes/all/GCA/036/927/505/GCA_036927505.1_ASM3692750v1/GCA_036927505.1_ASM3692750v1,38034162,PRJNA1033522,Geg-14,,Armenia,,,,,
GCA_036927455.1,ASM3692745v1,PRJEB62038,,,14167301,ftp://ftp.ncbi.nlm.nih.gov/genomes/all/GCA/036/927/455/GCA_036927455.1_ASM3692745v1/GCA_036927455.1_ASM3692745v1,38034169,PRJNA1033522,Are-6,,Portugal,,,,,
GCA_036927475.1,ASM3692747v1,PRJEB62038,,,14308372,ftp://ftp.ncbi.nlm.nih.gov/genomes/all/GCA/036/927/475/GCA_036927475.1_ASM3692747v1/GCA_036927475.1_ASM3692747v1,38034168,PRJNA1033522,Are-2,,Portugal,,,,,
GCA_028009825.2,Col-CC,Community-Consensus Arabidopsis Thaliana Reference Genome Assembly Consortium,,,27782540,ftp://ftp.ncbi.nlm.nih.gov/genomes/all/GCA/028/009/825/GCA_028009825.2_Col-CC/GCA_028009825.2_Col-CC,32386944,PRJNA915353,Col-0,,Poland,,,,,
GCA_949796385.1,9852,max planck institute for biology,,,18613550,ftp://ftp.ncbi.nlm.nih.gov/genomes/all/GCA/949/796/385/GCA_949796385.1_9852/GCA_949796385.1_9852,34119800,PRJEB55632,9852,,,CS76945,,Spain,IP-Ini-0,IP-Ini-0
GCA_949796655.1,9744,max planck institute for biology,,,11178775,ftp://ftp.ncbi.nlm.nih.gov/genomes/all/GCA/949/796/655/GCA_949796655.1_9744/GCA_949796655.1_9744,34119795,PRJEB55632,9744,,,CS76944,,Romania,Iasi-1,Iasi-1
GCA_949796665.1,9879,max planck institute for biology,,,5951611,ftp://ftp.ncbi.nlm.nih.gov/genomes/all/GCA/949/796/665/GCA_949796665.1_9879/GCA_949796665.1_9879,34119801,PRJEB55632,9879,,,CS77169,,Spain,IP-Per-0,IP-Per-0
GCA_949796715.1,9830,max planck institute for biology,,,9782689,ftp://ftp.ncbi.nlm.nih.gov/genomes/all/GCA/949/796/715/GCA_949796715.1_9830/GCA_949796715.1_9830,34119798,PRJEB55632,9830,,,CS76736,,Spain,IP-Bus-0,IP-Bus-0
GCA_949796485.1,9900,max planck institute for biology,,,10981064,ftp://ftp.ncbi.nlm.nih.gov/genomes/all/GCA/949/796/485/GCA_949796485.1_9900/GCA_949796485.1_9900,34119803,PRJEB55632,9900,,,CS77386,,Spain,IP-Tri-0,IP-Tri-0
GCA_949796755.1,9847,max planck institute for biology,,,9625350,ftp://ftp.ncbi.nlm.nih.gov/genomes/all/GCA/949/796/755/GCA_949796755.1_9847/GCA_949796755.1_9847,34119799,PRJEB55632,9847,,,CS76854,,Spain,IP-Fel-2,IP-Fel-2
GCA_949796375.1,9336,max planck institute for biology,,,9714618,ftp://ftp.ncbi.nlm.nih.gov/genomes/all/GCA/949/796/375/GCA_949796375.1_9336/GCA_949796375.1_9336,34119793,PRJEB55632,9336,,,CS76715,,Sweden,Bön 1,Bön 1
GCA_949796455.1,7143,max planck institute for biology,,,15287920,ftp://ftp.ncbi.nlm.nih.gov/genomes/all/GCA/949/796/455/GCA_949796455.1_7143/GCA_949796455.1_7143,34119791,PRJEB55632,7143,,,CS76492,,Netherlands,Gel-1,Gel-1
GCA_949796415.1,9762,max planck institute for biology,,,8488419,ftp://ftp.ncbi.nlm.nih.gov/genomes/all/GCA/949/796/415/GCA_949796415.1_9762/GCA_949796415.1_9762,34119796,PRJEB55632,9762,,,CS76487,,Italy,Etna-2,Etna-2
GCA_949796475.1,9883,max planck institute for biology,,,11516797,ftp://ftp.ncbi.nlm.nih.gov/genomes/all/GCA/949/796/475/GCA_949796475.1_9883/GCA_949796475.1_9883,34119802,PRJEB55632,9883,,,CS77179,,Spain,IP-Piq-0,IP-Piq-0
GCA_949796705.1,9503,max planck institute for biology,,,8569625,ftp://ftp.ncbi.nlm.nih.gov/genomes/all/GCA/949/796/705/GCA_949796705.1_9503/GCA_949796705.1_9503,34119794,PRJEB55632,9503,,,CS76640,,United Kingdom,11C1,11C1
GCA_949796605.1,9806,max planck institute for biology,,,11466786,ftp://ftp.ncbi.nlm.nih.gov/genomes/all/GCA/949/796/605/GCA_949796605.1_9806/GCA_949796605.1_9806,34119797,PRJEB55632,9806,,,CS77223,,Germany,Ru-2,Ru-2
GCA_949796525.1,6923,max planck institute for biology,,,8441029,ftp://ftp.ncbi.nlm.nih.gov/genomes/all/GCA/949/796/525/GCA_949796525.1_6923/GCA_949796525.1_6923,34119790,PRJEB55632,6923,,,CS76940,,United Kingdom,HR-10,HR-10
GCA_949796635.1,8285,max planck institute for biology,,,9821434,ftp://ftp.ncbi.nlm.nih.gov/genomes/all/GCA/949/796/635/GCA_949796635.1_8285/GCA_949796635.1_8285,34119792,PRJEB55632,8285,,,CS76815,,Czech Republic,DraIII-1,DraIII-1
GCA_949796645.1,6137,max planck institute for biology,,,19011747,ftp://ftp.ncbi.nlm.nih.gov/genomes/all/GCA/949/796/645/GCA_949796645.1_6137/GCA_949796645.1_6137,34119789,PRJEB55632,6137,,,CS77320,,Sweden,T850,T850
GCA_946406525.1,Ler-0.7213.PacbioHiFiAssembly,max planck institute for biology tuebingen,,,19473498,ftp://ftp.ncbi.nlm.nih.gov/genomes/all/GCA/946/406/525/GCA_946406525.1_Ler-0.7213.PacbioHiFiAssembly/GCA_946406525.1_Ler-0.7213.PacbioHiFiAssembly,33237399,PRJEB55353,,,,,Ler-0,Poland,Ler-0 (7213) DNA,Ler-0 (7213) DNA
GCA_946412225.1,IP-Mdc-14.PacbioHiFiAssembly,max planck institute for biology tuebingen,,,13049615,ftp://ftp.ncbi.nlm.nih.gov/genomes/all/GCA/946/412/225/GCA_946412225.1_IP-Mdc-14.PacbioHiFiAssembly/GCA_946412225.1_IP-Mdc-14.PacbioHiFiAssembly,33237413,PRJEB55353,,,,,IP-Mdc-14,Spain,IP-Mdc-14 DNA,IP-Mdc-14 DNA
GCA_946411805.1,IP-Mos-9.PacbioHiFiAssembly,max planck institute for biology tuebingen,,,11211428,ftp://ftp.ncbi.nlm.nih.gov/genomes/all/GCA/946/411/805/GCA_946411805.1_IP-Mos-9.PacbioHiFiAssembly/GCA_946411805.1_IP-Mos-9.PacbioHiFiAssembly,33237418,PRJEB55353,,,,,IP-Mos-9,Spain,IP-Mos-9 DNA,IP-Mos-9 DNA
GCA_946409395.1,BROU-A-10.PacbioHiFiAssembly,max planck institute for biology tuebingen,,,26307904,ftp://ftp.ncbi.nlm.nih.gov/genomes/all/GCA/946/409/395/GCA_946409395.1_BROU-A-10.PacbioHiFiAssembly/GCA_946409395.1_BROU-A-10.PacbioHiFiAssembly,33237385,PRJEB55353,,,,,BROU-A-10,France,BROU-A-10 DNA,BROU-A-10 DNA
GCA_946415625.1,MONTM-B-7.PacbioHiFiAssembly,max planck institute for biology tuebingen,,,23831536,ftp://ftp.ncbi.nlm.nih.gov/genomes/all/GCA/946/415/625/GCA_946415625.1_MONTM-B-7.PacbioHiFiAssembly/GCA_946415625.1_MONTM-B-7.PacbioHiFiAssembly,33237394,PRJEB55353,,,,,MONTM-B-7,France,MONTM-B-7 DNA,MONTM-B-7 DNA
GCA_946414125.1,Cvi-0.6911.PacbioHiFiAssembly,max planck institute for biology tuebingen,,,22707657,ftp://ftp.ncbi.nlm.nih.gov/genomes/all/GCA/946/414/125/GCA_946414125.1_Cvi-0.6911.PacbioHiFiAssembly/GCA_946414125.1_Cvi-0.6911.PacbioHiFiAssembly,33237398,PRJEB55353,,,,,Cvi-0,Cape Verde,Cvi-0 (6911) DNA,Cvi-0 (6911) DNA
GCA_946405265.1,IP-Met-6.PacbioHiFiAssembly,max planck institute for biology tuebingen,,,27168424,ftp://ftp.ncbi.nlm.nih.gov/genomes/all/GCA/946/405/265/GCA_946405265.1_IP-Met-6.PacbioHiFiAssembly/GCA_946405265.1_IP-Met-6.PacbioHiFiAssembly,33237416,PRJEB55353,,,,,IP-Met-6,Spain,IP-Met-6 DNA,IP-Met-6 DNA
GCA_946410165.1,BARC-A-12.PacbioHiFiAssembly,max planck institute for biology tuebingen,,,11494099,ftp://ftp.ncbi.nlm.nih.gov/genomes/all/GCA/946/410/165/GCA_946410165.1_BARC-A-12.PacbioHiFiAssembly/GCA_946410165.1_BARC-A-12.PacbioHiFiAssembly,33237381,PRJEB55353,,,,,BARC-A-12,France,BARC-A-12 DNA,BARC-A-12 DNA
GCA_946406325.1,IP-Alo-0.9506.PacbioHiFiAssembly,max planck institute for biology tuebingen,,,16793502,ftp://ftp.ncbi.nlm.nih.gov/genomes/all/GCA/946/406/325/GCA_946406325.1_IP-Alo-0.9506.PacbioHiFiAssembly/GCA_946406325.1_IP-Alo-0.9506.PacbioHiFiAssembly,33237401,PRJEB55353,,,,,IP-Alo-0,Spain,IP-Alo-0 (9506) DNA,IP-Alo-0 (9506) DNA
GCA_946403025.1,FERR-A-8.PacbioHiFiAssembly,max planck institute for biology tuebingen,,,16709255,ftp://ftp.ncbi.nlm.nih.gov/genomes/all/GCA/946/403/025/GCA_946403025.1_FERR-A-8.PacbioHiFiAssembly/GCA_946403025.1_FERR-A-8.PacbioHiFiAssembly,33237389,PRJEB55353,,,,,FERR-A-8,France,FERR-A-8 DNA,FERR-A-8 DNA
GCA_946406625.1,IP-Hom-4.9546.PacbioHiFiAssembly,max planck institute for biology tuebingen,,,19886187,ftp://ftp.ncbi.nlm.nih.gov/genomes/all/GCA/946/406/625/GCA_946406625.1_IP-Hom-4.9546.PacbioHiFiAssembly/GCA_946406625.1_IP-Hom-4.9546.PacbioHiFiAssembly,33237405,PRJEB55353,,,,,IP-Hom-4,Spain,IP-Hom-4 (9546) DNA,IP-Hom-4 (9546) DNA
GCA_946404995.1,BANI-C-1.PacbioHiFiAssembly,max planck institute for biology tuebingen,,,13254494,ftp://ftp.ncbi.nlm.nih.gov/genomes/all/GCA/946/404/995/GCA_946404995.1_BANI-C-1.PacbioHiFiAssembly/GCA_946404995.1_BANI-C-1.PacbioHiFiAssembly,33237377,PRJEB55353,,,,,BANI-C-1,France,BANI-C-1 DNA,BANI-C-1 DNA
GCA_946411425.1,IP-Hom-0.PacbioHiFiAssembly,max planck institute for biology tuebingen,,,12348600,ftp://ftp.ncbi.nlm.nih.gov/genomes/all/GCA/946/411/425/GCA_946411425.1_IP-Hom-0.PacbioHiFiAssembly/GCA_946411425.1_IP-Hom-0.PacbioHiFiAssembly,33237410,PRJEB55353,,,,,IP-Hom-0,Spain,IP-Hom-0 DNA,IP-Hom-0 DNA
GCA_946415005.1,ANGE-B-2.PacbioHiFiAssembly,max planck institute for biology tuebingen,,,18803918,ftp://ftp.ncbi.nlm.nih.gov/genomes/all/GCA/946/415/005/GCA_946415005.1_ANGE-B-2.PacbioHiFiAssembly/GCA_946415005.1_ANGE-B-2.PacbioHiFiAssembly,33237375,PRJEB55353,,,,,ANGE-B-2,France,ANGE-B-2 DNA,ANGE-B-2 DNA
GCA_946408975.1,BELC-C-12.PacbioHiFiAssembly,max planck institute for biology tuebingen,,,18346446,ftp://ftp.ncbi.nlm.nih.gov/genomes/all/GCA/946/408/975/GCA_946408975.1_BELC-C-12.PacbioHiFiAssembly/GCA_946408975.1_BELC-C-12.PacbioHiFiAssembly,33237384,PRJEB55353,,,,,BELC-C-12,France,BELC-C-12 DNA,BELC-C-12 DNA
GCA_946408575.1,CAMA-C-9.PacbioHiFiAssembly,max planck institute for biology tuebingen,,,11614129,ftp://ftp.ncbi.nlm.nih.gov/genomes/all/GCA/946/408/575/GCA_946408575.1_CAMA-C-9.PacbioHiFiAssembly/GCA_946408575.1_CAMA-C-9.PacbioHiFiAssembly,33237387,PRJEB55353,,,,,CAMA-C-9,France,CAMA-C-9 DNA,CAMA-C-9 DNA
GCA_946405545.1,IP-Evs-12.PacbioHiFiAssembly,max planck institute for biology tuebingen,,,19357519,ftp://ftp.ncbi.nlm.nih.gov/genomes/all/GCA/946/405/545/GCA_946405545.1_IP-Evs-12.PacbioHiFiAssembly/GCA_946405545.1_IP-Evs-12.PacbioHiFiAssembly,33237409,PRJEB55353,,,,,IP-Evs-12,Spain,IP-Evs-12 DNA,IP-Evs-12 DNA
GCA_946402385.1,AUZE-A-5.PacbioHiFiAssembly,max planck institute for biology tuebingen,,,11659389,ftp://ftp.ncbi.nlm.nih.gov/genomes/all/GCA/946/402/385/GCA_946402385.1_AUZE-A-5.PacbioHiFiAssembly/GCA_946402385.1_AUZE-A-5.PacbioHiFiAssembly,33237376,PRJEB55353,,,,,AUZE-A-5,France,AUZE-A-5 DNA,AUZE-A-5 DNA
GCA_946410485.1,IP-Alo-19.PacbioHiFiAssembly,max planck institute for biology tuebingen,,,20805657,ftp://ftp.ncbi.nlm.nih.gov/genomes/all/GCA/946/410/485/GCA_946410485.1_IP-Alo-19.PacbioHiFiAssembly/GCA_946410485.1_IP-Alo-19.PacbioHiFiAssembly,33237407,PRJEB55353,,,,,IP-Alo-19,Spain,IP-Alo-19 DNA,IP-Alo-19 DNA
GCA_946413405.1,PREI-A-14.PacbioHiFiAssembly,max planck institute for biology tuebingen,,,19452641,ftp://ftp.ncbi.nlm.nih.gov/genomes/all/GCA/946/413/405/GCA_946413405.1_PREI-A-14.PacbioHiFiAssembly/GCA_946413405.1_PREI-A-14.PacbioHiFiAssembly,33237395,PRJEB55353,,,,,PREI-A-14,France,PREI-A-14 DNA,PREI-A-14 DNA
GCA_946415655.1,LACR-C-14.PacbioHiFiAssembly,max planck institute for biology tuebingen,,,14024397,ftp://ftp.ncbi.nlm.nih.gov/genomes/all/GCA/946/415/655/GCA_946415655.1_LACR-C-14.PacbioHiFiAssembly/GCA_946415655.1_LACR-C-14.PacbioHiFiAssembly,33237391,PRJEB55353,,,,,LACR-C-14,France,LACR-C-14 DNA,LACR-C-14 DNA
GCA_946407795.1,IP-Lor-16.PacbioHiFiAssembly,max planck institute for biology tuebingen,,,23022277,ftp://ftp.ncbi.nlm.nih.gov/genomes/all/GCA/946/407/795/GCA_946407795.1_IP-Lor-16.PacbioHiFiAssembly/GCA_946407795.1_IP-Lor-16.PacbioHiFiAssembly,33237412,PRJEB55353,,,,,IP-Lor-16,Spain,IP-Lor-16 DNA,IP-Lor-16 DNA
GCA_946415165.1,IP-Evs-0.9845.PacbioHiFiAssembly,max planck institute for biology tuebingen,,,18929923,ftp://ftp.ncbi.nlm.nih.gov/genomes/all/GCA/946/415/165/GCA_946415165.1_IP-Evs-0.9845.PacbioHiFiAssembly/GCA_946415165.1_IP-Evs-0.9845.PacbioHiFiAssembly,33237404,PRJEB55353,,,,,IP-Evs-0,Spain,IP-Evs-0 (9845) DNA,IP-Evs-0 (9845) DNA
GCA_946404075.1,ANGE-B-10.PacbioHiFiAssembly,max planck institute for biology tuebingen,,,14326833,ftp://ftp.ncbi.nlm.nih.gov/genomes/all/GCA/946/404/075/GCA_946404075.1_ANGE-B-10.PacbioHiFiAssembly/GCA_946404075.1_ANGE-B-10.PacbioHiFiAssembly,33237374,PRJEB55353,,,,,ANGE-B-10,France,ANGE-B-10 DNA,ANGE-B-10 DNA
GCA_946404515.1,IP-San-9.PacbioHiFiAssembly,max planck institute for biology tuebingen,,,19407968,ftp://ftp.ncbi.nlm.nih.gov/genomes/all/GCA/946/404/515/GCA_946404515.1_IP-San-9.PacbioHiFiAssembly/GCA_946404515.1_IP-San-9.PacbioHiFiAssembly,33237419,PRJEB55353,,,,,IP-San-9,Spain,IP-San-9 DNA,IP-San-9 DNA
GCA_946409815.1,SALE-A-17.PacbioHiFiAssembly,max planck institute for biology tuebingen,,,15774412,ftp://ftp.ncbi.nlm.nih.gov/genomes/all/GCA/946/409/815/GCA_946409815.1_SALE-A-17.PacbioHiFiAssembly/GCA_946409815.1_SALE-A-17.PacbioHiFiAssembly,33237397,PRJEB55353,,,,,SALE-A-17,France,SALE-A-17 DNA,SALE-A-17 DNA
GCA_946413935.1,IP-Sln-22.PacbioHiFiAssembly,max planck institute for biology tuebingen,,,15008004,ftp://ftp.ncbi.nlm.nih.gov/genomes/all/GCA/946/413/935/GCA_946413935.1_IP-Sln-22.PacbioHiFiAssembly/GCA_946413935.1_IP-Sln-22.PacbioHiFiAssembly,33237420,PRJEB55353,,,,,IP-Sln-22,Spain,IP-Sln-22 DNA,IP-Sln-22 DNA
GCA_946406975.1,CAMA-C-2.PacbioHiFiAssembly,max planck institute for biology tuebingen,,,21085798,ftp://ftp.ncbi.nlm.nih.gov/genomes/all/GCA/946/406/975/GCA_946406975.1_CAMA-C-2.PacbioHiFiAssembly/GCA_946406975.1_CAMA-C-2.PacbioHiFiAssembly,33237386,PRJEB55353,,,,,CAMA-C-2,France,CAMA-C-2 DNA,CAMA-C-2 DNA
GCA_946412065.1,GAIL-B-11.PacbioHiFiAssembly,max planck institute for biology tuebingen,,,16520788,ftp://ftp.ncbi.nlm.nih.gov/genomes/all/GCA/946/412/065/GCA_946412065.1_GAIL-B-11.PacbioHiFiAssembly/GCA_946412065.1_GAIL-B-11.PacbioHiFiAssembly,33237390,PRJEB55353,,,,,GAIL-B-11,France,GAIL-B-11 DNA,GAIL-B-11 DNA
GCA_946411655.1,MERE-A-13.PacbioHiFiAssembly,max planck institute for biology tuebingen,,,24056380,ftp://ftp.ncbi.nlm.nih.gov/genomes/all/GCA/946/411/655/GCA_946411655.1_MERE-A-13.PacbioHiFiAssembly/GCA_946411655.1_MERE-A-13.PacbioHiFiAssembly,33237392,PRJEB55353,,,,,MERE-A-13,France,MERE-A-13 DNA,MERE-A-13 DNA
GCA_946413285.1,IP-Hum-2.9549.PacbioHiFiAssembly,max planck institute for biology tuebingen,,,25772659,ftp://ftp.ncbi.nlm.nih.gov/genomes/all/GCA/946/413/285/GCA_946413285.1_IP-Hum-2.9549.PacbioHiFiAssembly/GCA_946413285.1_IP-Hum-2.9549.PacbioHiFiAssembly,33237406,PRJEB55353,,,,,IP-Hum-2,Spain,IP-Hum-2 (9549) DNA,IP-Hum-2 (9549) DNA
GCA_946406735.1,BARA-C-3.PacbioHiFiAssembly,max planck institute for biology tuebingen,,,14933226,ftp://ftp.ncbi.nlm.nih.gov/genomes/all/GCA/946/406/735/GCA_946406735.1_BARA-C-3.PacbioHiFiAssembly/GCA_946406735.1_BARA-C-3.PacbioHiFiAssembly,33237379,PRJEB55353,,,,,BARA-C-3,France,BARA-C-3 DNA,BARA-C-3 DNA
GCA_946408365.1,SALE-A-10.PacbioHiFiAssembly,max planck institute for biology tuebingen,,,21701230,ftp://ftp.ncbi.nlm.nih.gov/genomes/all/GCA/946/408/365/GCA_946408365.1_SALE-A-10.PacbioHiFiAssembly/GCA_946408365.1_SALE-A-10.PacbioHiFiAssembly,33237396,PRJEB55353,,,,,SALE-A-10,France,SALE-A-10 DNA,SALE-A-10 DNA
GCA_946406595.1,BANI-C-12.PacbioHiFiAssembly,max planck institute for biology tuebingen,,,25764249,ftp://ftp.ncbi.nlm.nih.gov/genomes/all/GCA/946/406/595/GCA_946406595.1_BANI-C-12.PacbioHiFiAssembly/GCA_946406595.1_BANI-C-12.PacbioHiFiAssembly,33237378,PRJEB55353,,,,,BANI-C-12,France,BANI-C-12 DNA,BANI-C-12 DNA
GCA_946411885.1,IP-Mos-5.PacbioHiFiAssembly,max planck institute for biology tuebingen,,,20845382,ftp://ftp.ncbi.nlm.nih.gov/genomes/all/GCA/946/411/885/GCA_946411885.1_IP-Mos-5.PacbioHiFiAssembly/GCA_946411885.1_IP-Mos-5.PacbioHiFiAssembly,33237417,PRJEB55353,,,,,IP-Mos-5,Spain,IP-Mos-5 DNA,IP-Mos-5 DNA
GCA_946406895.1,Rabacal-1.22005.PacbioHiFiAssembly,max planck institute for biology tuebingen,,,25417967,ftp://ftp.ncbi.nlm.nih.gov/genomes/all/GCA/946/406/895/GCA_946406895.1_Rabacal-1.22005.PacbioHiFiAssembly/GCA_946406895.1_Rabacal-1.22005.PacbioHiFiAssembly,33237373,PRJEB55353,,,,,Rabacal-1,Portugal,Rabacal-1 (22005) DNA,Rabacal-1 (22005) DNA
GCA_946413305.1,IP-Med-3.PacbioHiFiAssembly,max planck institute for biology tuebingen,,,19287994,ftp://ftp.ncbi.nlm.nih.gov/genomes/all/GCA/946/413/305/GCA_946413305.1_IP-Med-3.PacbioHiFiAssembly/GCA_946413305.1_IP-Med-3.PacbioHiFiAssembly,33237415,PRJEB55353,,,,,IP-Med-3,Spain,IP-Med-3 DNA,IP-Med-3 DNA
GCA_946411375.1,IP-Cas-0.9831.PacbioHiFiAssembly,max planck institute for biology tuebingen,,,15437737,ftp://ftp.ncbi.nlm.nih.gov/genomes/all/GCA/946/411/375/GCA_946411375.1_IP-Cas-0.9831.PacbioHiFiAssembly/GCA_946411375.1_IP-Cas-0.9831.PacbioHiFiAssembly,33237402,PRJEB55353,,,,,IP-Cas-0,Spain,IP-Cas-0 (9831) DNA,IP-Cas-0 (9831) DNA
GCA_946412005.1,IP-Hum-4.PacbioHiFiAssembly,max planck institute for biology tuebingen,,,17776434,ftp://ftp.ncbi.nlm.nih.gov/genomes/all/GCA/946/412/005/GCA_946412005.1_IP-Hum-4.PacbioHiFiAssembly/GCA_946412005.1_IP-Hum-4.PacbioHiFiAssembly,33237411,PRJEB55353,,,,,IP-Hum-4,Spain,IP-Hum-4 DNA,IP-Hum-4 DNA
GCA_946414305.1,IP-Cat-0.9832.PacbioHiFiAssembly,max planck institute for biology tuebingen,,,19173809,ftp://ftp.ncbi.nlm.nih.gov/genomes/all/GCA/946/414/305/GCA_946414305.1_IP-Cat-0.9832.PacbioHiFiAssembly/GCA_946414305.1_IP-Cat-0.9832.PacbioHiFiAssembly,33237403,PRJEB55353,,,,,IP-Cat-0,Spain,IP-Cat-0 (9832) DNA,IP-Cat-0 (9832) DNA
GCA_946415445.1,IP-Cas-6.PacbioHiFiAssembly,max planck institute for biology tuebingen,,,14256094,ftp://ftp.ncbi.nlm.nih.gov/genomes/all/GCA/946/415/445/GCA_946415445.1_IP-Cas-6.PacbioHiFiAssembly/GCA_946415445.1_IP-Cas-6.PacbioHiFiAssembly,33237408,PRJEB55353,,,,,IP-Cas-6,Spain,IP-Cas-6 DNA,IP-Cas-6 DNA
GCA_946407145.1,BARC-A-17.PacbioHiFiAssembly,max planck institute for biology tuebingen,,,11664971,ftp://ftp.ncbi.nlm.nih.gov/genomes/all/GCA/946/407/145/GCA_946407145.1_BARC-A-17.PacbioHiFiAssembly/GCA_946407145.1_BARC-A-17.PacbioHiFiAssembly,33237382,PRJEB55353,,,,,BARC-A-17,France,BARC-A-17 DNA,BARC-A-17 DNA
GCA_946409825.1,Tanz-1.10024.PacbioHiFiAssembly,max planck institute for biology tuebingen,,,28618678,ftp://ftp.ncbi.nlm.nih.gov/genomes/all/GCA/946/409/825/GCA_946409825.1_Tanz-1.10024.PacbioHiFiAssembly/GCA_946409825.1_Tanz-1.10024.PacbioHiFiAssembly,33237400,PRJEB55353,,,,,Tanz-1,Tanzania,Tanz-1 (10024) DNA,Tanz-1 (10024) DNA
GCA_946405525.1,FERR-A-12.PacbioHiFiAssembly,max planck institute for biology tuebingen,,,21000804,ftp://ftp.ncbi.nlm.nih.gov/genomes/all/GCA/946/405/525/GCA_946405525.1_FERR-A-12.PacbioHiFiAssembly/GCA_946405525.1_FERR-A-12.PacbioHiFiAssembly,33237388,PRJEB55353,,,,,FERR-A-12,France,FERR-A-12 DNA,FERR-A-12 DNA
GCA_946405905.1,MONTM-B-16.PacbioHiFiAssembly,max planck institute for biology tuebingen,,,12449956,ftp://ftp.ncbi.nlm.nih.gov/genomes/all/GCA/946/405/905/GCA_946405905.1_MONTM-B-16.PacbioHiFiAssembly/GCA_946405905.1_MONTM-B-16.PacbioHiFiAssembly,33237393,PRJEB55353,,,,,MONTM-B-16,France,MONTM-B-16 DNA,MONTM-B-16 DNA
GCA_946404385.1,BARA-C-5.PacbioHiFiAssembly,max planck institute for biology tuebingen,,,20794936,ftp://ftp.ncbi.nlm.nih.gov/genomes/all/GCA/946/404/385/GCA_946404385.1_BARA-C-5.PacbioHiFiAssembly/GCA_946404385.1_BARA-C-5.PacbioHiFiAssembly,33237380,PRJEB55353,,,,,BARA-C-5,France,BARA-C-5 DNA,BARA-C-5 DNA
GCA_946405725.1,IP-Med-0.PacbioHiFiAssembly,max planck institute for biology tuebingen,,,13585863,ftp://ftp.ncbi.nlm.nih.gov/genomes/all/GCA/946/405/725/GCA_946405725.1_IP-Med-0.PacbioHiFiAssembly/GCA_946405725.1_IP-Med-0.PacbioHiFiAssembly,33237414,PRJEB55353,,,,,IP-Med-0,Spain,IP-Med-0 DNA,IP-Med-0 DNA
GCA_946403525.1,BELC-C-10.PacbioHiFiAssembly,max planck institute for biology tuebingen,,,18693612,ftp://ftp.ncbi.nlm.nih.gov/genomes/all/GCA/946/403/525/GCA_946403525.1_BELC-C-10.PacbioHiFiAssembly/GCA_946403525.1_BELC-C-10.PacbioHiFiAssembly,33237383,PRJEB55353,,,,,BELC-C-10,France,BELC-C-10 DNA,BELC-C-10 DNA
GCA_028009825.1,Col-CC,Community-Consensus Arabidopsis Thaliana Reference Genome Assembly Consortium,,,26149336,ftp://ftp.ncbi.nlm.nih.gov/genomes/all/GCA/028/009/825/GCA_028009825.1_Col-CC/GCA_028009825.1_Col-CC,32386944,PRJNA915353,Col-0,,Poland,,,,,
GCA_020911765.2,ASM2091176v2,"Institute of Genetics and Developmental Biology, The Innovative Academy of Seed Design",,,26150454,ftp://ftp.ncbi.nlm.nih.gov/genomes/all/GCA/020/911/765/GCA_020911765.2_ASM2091176v2/GCA_020911765.2_ASM2091176v2,22999947,PRJNA777107,Col-0,,USA: Columbia,,,,,
GCA_946499705.1,Col-0.6909.PacbioHiFiAssembly,max planck institute for developmental biology,,,12643054,ftp://ftp.ncbi.nlm.nih.gov/genomes/all/GCA/946/499/705/GCA_946499705.1_Col-0.6909.PacbioHiFiAssembly/GCA_946499705.1_Col-0.6909.PacbioHiFiAssembly,26333858,PRJEB50694,,,,,Col-0,USA,Col-0_6909_DNA,Col-0_6909_DNA
GCA_946499665.1,Ey15-2.9994.PacbioHiFiAssembly,max planck institute for developmental biology,,,22129529,ftp://ftp.ncbi.nlm.nih.gov/genomes/all/GCA/946/499/665/GCA_946499665.1_Ey15-2.9994.PacbioHiFiAssembly/GCA_946499665.1_Ey15-2.9994.PacbioHiFiAssembly,26333857,PRJEB50694,,,,,Ey15-2,Germany,Ey15-2_9994_DNA,Ey15-2_9994_DNA
GCA_910573875.1,Evry.Col-0,INRAE,,,12545482,ftp://ftp.ncbi.nlm.nih.gov/genomes/all/GCA/910/573/875/GCA_910573875.1_Evry.Col-0/GCA_910573875.1_Evry.Col-0,28400170,PRJEB44316,Col-0,,,,,,At.Col0.Evry2018,At.Col0.Evry2018
GCA_910574415.1,Evry.Ler-1,INRAE,,,10734839,ftp://ftp.ncbi.nlm.nih.gov/genomes/all/GCA/910/574/415/GCA_910574415.1_Evry.Ler-1/GCA_910574415.1_Evry.Ler-1,28387806,PRJEB45213,Landsberg erecta 1,,,,,,At.Ler1.Evry2018,At.Ler1.Evry2018
GCA_025388435.1,AtA1-141.20181003,INRAE/CNRS,,,13068673,ftp://ftp.ncbi.nlm.nih.gov/genomes/all/GCA/025/388/435/GCA_025388435.1_AtA1-141.20181003/GCA_025388435.1_AtA1-141.20181003,28055790,PRJNA834751,71029,,France,,,,,
GCA_024498555.1,ASM2449855v1,GMI - Gregor Mendel Institute,,,10656393,ftp://ftp.ncbi.nlm.nih.gov/genomes/all/GCA/024/498/555/GCA_024498555.1_ASM2449855v1/GCA_024498555.1_ASM2449855v1,23014728,PRJNA779205,1254,,Sweden,,,,,
GCA_024498515.1,ASM2449851v1,GMI - Gregor Mendel Institute,,,3360688,ftp://ftp.ncbi.nlm.nih.gov/genomes/all/GCA/024/498/515/GCA_024498515.1_ASM2449851v1/GCA_024498515.1_ASM2449851v1,23014729,PRJNA779205,5856,,Sweden,,,,,
GCA_024498495.1,ASM2449849v1,GMI - Gregor Mendel Institute,,,9901060,ftp://ftp.ncbi.nlm.nih.gov/genomes/all/GCA/024/498/495/GCA_024498495.1_ASM2449849v1/GCA_024498495.1_ASM2449849v1,23014730,PRJNA779205,6021,,Sweden,,,,,
GCA_024498475.1,ASM2449847v1,GMI - Gregor Mendel Institute,,,13017542,ftp://ftp.ncbi.nlm.nih.gov/genomes/all/GCA/024/498/475/GCA_024498475.1_ASM2449847v1/GCA_024498475.1_ASM2449847v1,23014731,PRJNA779205,6024,,Sweden,,,,,
GCA_024498455.1,ASM2449845v1,GMI - Gregor Mendel Institute,,,11166281,ftp://ftp.ncbi.nlm.nih.gov/genomes/all/GCA/024/498/455/GCA_024498455.1_ASM2449845v1/GCA_024498455.1_ASM2449845v1,23014732,PRJNA779205,9412,,Sweden,,,,,
GCA_024498435.1,ASM2449843v1,GMI - Gregor Mendel Institute,,,11914472,ftp://ftp.ncbi.nlm.nih.gov/genomes/all/GCA/024/498/435/GCA_024498435.1_ASM2449843v1/GCA_024498435.1_ASM2449843v1,23014733,PRJNA779205,9470,,Sweden,,,,,
GCA_023115395.1,ASM2311539v1,The Salk Institute for Biological Studies,,,25743512,ftp://ftp.ncbi.nlm.nih.gov/genomes/all/GCA/023/115/395/GCA_023115395.1_ASM2311539v1/GCA_023115395.1_ASM2311539v1,27631187,PRJNA828135,Col-0,,USA,,,,,
GCA_933208075.1,ddAraThal4.1 alternate haplotype,WELLCOME SANGER INSTITUTE,,,49503,ftp://ftp.ncbi.nlm.nih.gov/genomes/all/GCA/933/208/075/GCA_933208075.1_ddAraThal4.1_alternate_haplotype/GCA_933208075.1_ddAraThal4.1_alternate_haplotype,16698599,PRJEB51512,,,,,,United Kingdom,5fa2bf457b781800b6c165dd,5fa2bf457b781800b6c165dd
GCA_933208065.1,ddAraThal4.1,WELLCOME SANGER INSTITUTE,,,8181915,ftp://ftp.ncbi.nlm.nih.gov/genomes/all/GCA/933/208/065/GCA_933208065.1_ddAraThal4.1/GCA_933208065.1_ddAraThal4.1,16698599,PRJEB51511,,,,,,United Kingdom,5fa2bf457b781800b6c165dd,5fa2bf457b781800b6c165dd
GCA_020911765.1,ASM2091176v1,"Institute of Genetics and Developmental Biology, The Innovative Academy of Seed Design",,,26150454,ftp://ftp.ncbi.nlm.nih.gov/genomes/all/GCA/020/911/765/GCA_020911765.1_ASM2091176v1/GCA_020911765.1_ASM2091176v1,22999947,PRJNA777107,Col-0,,USA: Columbia,,,,,
GCA_904420315.1,AT9943.Cdm-0.scaffold,MAX-PLANCK INSTITUTE FOR DEVELOPMENTAL BIOLOGY,,,13971476,ftp://ftp.ncbi.nlm.nih.gov/genomes/all/GCA/904/420/315/GCA_904420315.1_AT9943.Cdm-0.scaffold/GCA_904420315.1_AT9943.Cdm-0.scaffold,16099731,PRJEB40125,AT9943,,,,,,1,1
GCA_903064275.1,AT7213.Ler-0.PacBio,MAX PLANCK INSTITUTE FOR DEVELOPMENTAL BIOLOGY,,,11237341,ftp://ftp.ncbi.nlm.nih.gov/genomes/all/GCA/903/064/275/GCA_903064275.1_AT7213.Ler-0.PacBio/GCA_903064275.1_AT7213.Ler-0.PacBio,14834780,PRJEB37261,,,,,,,Ath.Ler-0.Leaf.1,Ath.Ler-0.Leaf.1
GCA_903064325.1,AT7186.Kn-0.PacBio,MAX PLANCK INSTITUTE FOR DEVELOPMENTAL BIOLOGY,,,9023333,ftp://ftp.ncbi.nlm.nih.gov/genomes/all/GCA/903/064/325/GCA_903064325.1_AT7186.Kn-0.PacBio/GCA_903064325.1_AT7186.Kn-0.PacBio,14834779,PRJEB37260,,,,,,,Ath.Kn-0.Leaf.1,Ath.Kn-0.Leaf.1
GCA_903064295.1,AT5784.Ty-1.PacBio,MAX PLANCK INSTITUTE FOR DEVELOPMENTAL BIOLOGY,,,14125859,ftp://ftp.ncbi.nlm.nih.gov/genomes/all/GCA/903/064/295/GCA_903064295.1_AT5784.Ty-1.PacBio/GCA_903064295.1_AT5784.Ty-1.PacBio,14834777,PRJEB37258,,,,,,,Ath.Ty-1.Leaf.1,Ath.Ty-1.Leaf.1
GCA_903064285.1,AT1741.KBS-Mac-74.PacBio,MAX PLANCK INSTITUTE FOR DEVELOPMENTAL BIOLOGY,,,14141494,ftp://ftp.ncbi.nlm.nih.gov/genomes/all/GCA/903/064/285/GCA_903064285.1_AT1741.KBS-Mac-74.PacBio/GCA_903064285.1_AT1741.KBS-Mac-74.PacBio,14834776,PRJEB37257,,,,,,,Ath.KBS-Mac-74.Leaf.1,Ath.KBS-Mac-74.Leaf.1
GCA_903064315.1,AT6911.Cvi-0.contigs,MAX PLANCK INSTITUTE FOR DEVELOPMENTAL BIOLOGY,,,9295349,ftp://ftp.ncbi.nlm.nih.gov/genomes/all/GCA/903/064/315/GCA_903064315.1_AT6911.Cvi-0.contigs/GCA_903064315.1_AT6911.Cvi-0.contigs,14834778,PRJEB37259,,,,,,,Ath.Cvi-0.Leaf.1,Ath.Cvi-0.Leaf.1
GCA_902825305.1,AT6909.Col-0.PacBio,MAX PLANCK INSTITUTE FOR DEVELOPMENTAL BIOLOGY,,,11359210,ftp://ftp.ncbi.nlm.nih.gov/genomes/all/GCA/902/825/305/GCA_902825305.1_AT6909.Col-0.PacBio/GCA_902825305.1_AT6909.Col-0.PacBio,14834775,PRJEB37252,,,,,,,Ath.Col-0.Leaf.1,Ath.Col-0.Leaf.1
GCA_902705455.1,araThaC24v1,MAX PLANCK INSTITUTE FOR PLANT BREEDING RESEARCH,,,4802170,ftp://ftp.ncbi.nlm.nih.gov/genomes/all/GCA/902/705/455/GCA_902705455.1_araThaC24v1/GCA_902705455.1_araThaC24v1,12652918,PRJEB31147,,,,,,,C24,C24
GCA_902651935.1,araThaAn1v1,MAX PLANCK INSTITUTE FOR PLANT BREEDING RESEARCH,,,8166377,ftp://ftp.ncbi.nlm.nih.gov/genomes/all/GCA/902/651/935/GCA_902651935.1_araThaAn1v1/GCA_902651935.1_araThaAn1v1,12652917,PRJEB31147,,,,,,,An-1,An-1
GCA_902460315.1,Arabidopsis_thaliana_Eri-1,MAX PLANCK INSTITUTE FOR PLANT BREEDING RESEARCH,,,4757538,ftp://ftp.ncbi.nlm.nih.gov/genomes/all/GCA/902/460/315/GCA_902460315.1_Arabidopsis_thaliana_Eri-1/GCA_902460315.1_Arabidopsis_thaliana_Eri-1,12652920,PRJEB31147,,,,,,,Eri,Eri
GCA_902460295.1,Arabidopsis_thaliana_Sha,MAX PLANCK INSTITUTE FOR PLANT BREEDING RESEARCH,,,6996577,ftp://ftp.ncbi.nlm.nih.gov/genomes/all/GCA/902/460/295/GCA_902460295.1_Arabidopsis_thaliana_Sha/GCA_902460295.1_Arabidopsis_thaliana_Sha,12652923,PRJEB31147,,,,,,,Sha,Sha
GCA_902460305.1,Arabidopsis_thaliana_Kyo,MAX PLANCK INSTITUTE FOR PLANT BREEDING RESEARCH,,,9149088,ftp://ftp.ncbi.nlm.nih.gov/genomes/all/GCA/902/460/305/GCA_902460305.1_Arabidopsis_thaliana_Kyo/GCA_902460305.1_Arabidopsis_thaliana_Kyo,12652921,PRJEB31147,,,,,,,Kyo,Kyo
GCA_902460275.1,Arabidopsis_thaliana_Cvi-0,MAX PLANCK INSTITUTE FOR PLANT BREEDING RESEARCH,,,7363394,ftp://ftp.ncbi.nlm.nih.gov/genomes/all/GCA/902/460/275/GCA_902460275.1_Arabidopsis_thaliana_Cvi-0/GCA_902460275.1_Arabidopsis_thaliana_Cvi-0,12652919,PRJEB31147,,,,,,,Cvi-0,Cvi-0
GCA_902460285.1,Arabidopsis_thaliana_Ler,MAX PLANCK INSTITUTE FOR PLANT BREEDING RESEARCH,,,11168341,ftp://ftp.ncbi.nlm.nih.gov/genomes/all/GCA/902/460/285/GCA_902460285.1_Arabidopsis_thaliana_Ler/GCA_902460285.1_Arabidopsis_thaliana_Ler,12652922,PRJEB31147,,,,,,,Ler,Ler
GCA_900234365.1,assembly_1,MPI FOR DEVELOPMENTAL BIOLOGY,,,11023,ftp://ftp.ncbi.nlm.nih.gov/genomes/all/GCA/900/234/365/GCA_900234365.1_assembly_1/GCA_900234365.1_assembly_1,12074662,PRJEB23122,,,,,Don-0,Spain,9944,9944
GCA_900234325.1,assembly_1,MPI FOR DEVELOPMENTAL BIOLOGY,,,11366,ftp://ftp.ncbi.nlm.nih.gov/genomes/all/GCA/900/234/325/GCA_900234325.1_assembly_1/GCA_900234325.1_assembly_1,12074663,PRJEB23122,,,,,Ped-0,Spain,9947,9947
GCA_900234315.1,assembly_1,MPI FOR DEVELOPMENTAL BIOLOGY,,,10727,ftp://ftp.ncbi.nlm.nih.gov/genomes/all/GCA/900/234/315/GCA_900234315.1_assembly_1/GCA_900234315.1_assembly_1,12074656,PRJEB23122,,,,,Moj-0,Spain,9869,9869
GCA_900234305.1,assembly_1,MPI FOR DEVELOPMENTAL BIOLOGY,,,13765,ftp://ftp.ncbi.nlm.nih.gov/genomes/all/GCA/900/234/305/GCA_900234305.1_assembly_1/GCA_900234305.1_assembly_1,12074647,PRJEB23122,,,,,Marce-1,Italy,9655,9655
GCA_900234295.1,assembly_1,MPI FOR DEVELOPMENTAL BIOLOGY,,,13090,ftp://ftp.ncbi.nlm.nih.gov/genomes/all/GCA/900/234/295/GCA_900234295.1_assembly_1/GCA_900234295.1_assembly_1,12074650,PRJEB23122,,,,,Etna-2,Italy,9762,9762
GCA_900234275.1,assembly_1,MPI FOR DEVELOPMENTAL BIOLOGY,,,13058,ftp://ftp.ncbi.nlm.nih.gov/genomes/all/GCA/900/234/275/GCA_900234275.1_assembly_1/GCA_900234275.1_assembly_1,12074661,PRJEB23122,,,,,BEZ-9,France,9928,9928
GCA_900234285.1,assembly_1,MPI FOR DEVELOPMENTAL BIOLOGY,,,12368,ftp://ftp.ncbi.nlm.nih.gov/genomes/all/GCA/900/234/285/GCA_900234285.1_assembly_1/GCA_900234285.1_assembly_1,12074646,PRJEB23122,,,,,Liri-1,Italy,9654,9654
GCA_900234265.1,assembly_1,MPI FOR DEVELOPMENTAL BIOLOGY,,,13420,ftp://ftp.ncbi.nlm.nih.gov/genomes/all/GCA/900/234/265/GCA_900234265.1_assembly_1/GCA_900234265.1_assembly_1,12074659,PRJEB23122,,,,,Pun-0,Spain,9887,9887
GCA_900234255.1,assembly_1,MPI FOR DEVELOPMENTAL BIOLOGY,,,6706,ftp://ftp.ncbi.nlm.nih.gov/genomes/all/GCA/900/234/255/GCA_900234255.1_assembly_1/GCA_900234255.1_assembly_1,12074654,PRJEB23122,,,,,Cat-0,Spain,9832,9832
GCA_900234245.1,assembly_1,MPI FOR DEVELOPMENTAL BIOLOGY,,,11307,ftp://ftp.ncbi.nlm.nih.gov/genomes/all/GCA/900/234/245/GCA_900234245.1_assembly_1/GCA_900234245.1_assembly_1,12074658,PRJEB23122,,,,,Per-0,Spain,9879,9879
GCA_900234235.1,assembly_1,MPI FOR DEVELOPMENTAL BIOLOGY,,,14201,ftp://ftp.ncbi.nlm.nih.gov/genomes/all/GCA/900/234/235/GCA_900234235.1_assembly_1/GCA_900234235.1_assembly_1,12074651,PRJEB23122,,,,,Qar-8a,Lebanon,9764,9764
GCA_900234225.1,assembly_1,MPI FOR DEVELOPMENTAL BIOLOGY,,,6891,ftp://ftp.ncbi.nlm.nih.gov/genomes/all/GCA/900/234/225/GCA_900234225.1_assembly_1/GCA_900234225.1_assembly_1,12074660,PRJEB23122,,,,,Ven-0,Spain,9905,9905
GCA_900234215.1,assembly_1,MPI FOR DEVELOPMENTAL BIOLOGY,,,12116,ftp://ftp.ncbi.nlm.nih.gov/genomes/all/GCA/900/234/215/GCA_900234215.1_assembly_1/GCA_900234215.1_assembly_1,12074652,PRJEB23122,,,,,Erg2-6,Germany,9784,9784
GCA_900234205.1,assembly_1,MPI FOR DEVELOPMENTAL BIOLOGY,,,12096,ftp://ftp.ncbi.nlm.nih.gov/genomes/all/GCA/900/234/205/GCA_900234205.1_assembly_1/GCA_900234205.1_assembly_1,12074657,PRJEB23122,,,,,Nac-0,Spain,9871,9871
GCA_900234195.1,assembly_1,MPI FOR DEVELOPMENTAL BIOLOGY,,,11753,ftp://ftp.ncbi.nlm.nih.gov/genomes/all/GCA/900/234/195/GCA_900234195.1_assembly_1/GCA_900234195.1_assembly_1,12074645,PRJEB23122,,,,,Lesno-4,Russia,9610,9610
GCA_900234185.1,assembly_1,MPI FOR DEVELOPMENTAL BIOLOGY,,,13384,ftp://ftp.ncbi.nlm.nih.gov/genomes/all/GCA/900/234/185/GCA_900234185.1_assembly_1/GCA_900234185.1_assembly_1,12074653,PRJEB23122,,,,,Lu4-2,Germany,9792,9792
GCA_900234175.1,assembly_1,MPI FOR DEVELOPMENTAL BIOLOGY,,,12629,ftp://ftp.ncbi.nlm.nih.gov/genomes/all/GCA/900/234/175/GCA_900234175.1_assembly_1/GCA_900234175.1_assembly_1,12074644,PRJEB23122,,,,,Vis-0,Spain,9600,9600
GCA_900234165.1,assembly_1,MPI FOR DEVELOPMENTAL BIOLOGY,,,12704,ftp://ftp.ncbi.nlm.nih.gov/genomes/all/GCA/900/234/165/GCA_900234165.1_assembly_1/GCA_900234165.1_assembly_1,12074649,PRJEB23122,,,,,Schip-1,Bulgaria,9721,9721
GCA_900234155.1,assembly_1,MPI FOR DEVELOPMENTAL BIOLOGY,,,11923,ftp://ftp.ncbi.nlm.nih.gov/genomes/all/GCA/900/234/155/GCA_900234155.1_assembly_1/GCA_900234155.1_assembly_1,12074648,PRJEB23122,,,,,Mitterberg-2-185,Italy,9669,9669
GCA_900234145.1,assembly_1,MPI FOR DEVELOPMENTAL BIOLOGY,,,12442,ftp://ftp.ncbi.nlm.nih.gov/genomes/all/GCA/900/234/145/GCA_900234145.1_assembly_1/GCA_900234145.1_assembly_1,12074655,PRJEB23122,,,,,Con-0,Spain,9837,9837
GCA_900234135.1,assembly_1,MPI FOR DEVELOPMENTAL BIOLOGY,,,12643,ftp://ftp.ncbi.nlm.nih.gov/genomes/all/GCA/900/234/135/GCA_900234135.1_assembly_1/GCA_900234135.1_assembly_1,12074633,PRJEB23122,,,,,Gra-0,Spain,9543,9543
GCA_900234115.1,assembly_1,MPI FOR DEVELOPMENTAL BIOLOGY,,,12615,ftp://ftp.ncbi.nlm.nih.gov/genomes/all/GCA/900/234/115/GCA_900234115.1_assembly_1/GCA_900234115.1_assembly_1,12074629,PRJEB23122,,,,,Cem-0,Spain,9533,9533
GCA_900234125.1,assembly_1,MPI FOR DEVELOPMENTAL BIOLOGY,,,13826,ftp://ftp.ncbi.nlm.nih.gov/genomes/all/GCA/900/234/125/GCA_900234125.1_assembly_1/GCA_900234125.1_assembly_1,12074639,PRJEB23122,,,,,Moa-0,Spain,9557,9557
GCA_900234105.1,assembly_1,MPI FOR DEVELOPMENTAL BIOLOGY,,,12249,ftp://ftp.ncbi.nlm.nih.gov/genomes/all/GCA/900/234/105/GCA_900234105.1_assembly_1/GCA_900234105.1_assembly_1,12074627,PRJEB23122,,,,,Bar-1,Sweden,9332,9332
GCA_900234095.1,assembly_1,MPI FOR DEVELOPMENTAL BIOLOGY,,,11300,ftp://ftp.ncbi.nlm.nih.gov/genomes/all/GCA/900/234/095/GCA_900234095.1_assembly_1/GCA_900234095.1_assembly_1,12074637,PRJEB23122,,,,,Lso-0,Spain,9554,9554
GCA_900234085.1,assembly_1,MPI FOR DEVELOPMENTAL BIOLOGY,,,11382,ftp://ftp.ncbi.nlm.nih.gov/genomes/all/GCA/900/234/085/GCA_900234085.1_assembly_1/GCA_900234085.1_assembly_1,12074642,PRJEB23122,,,,,Vig-1,Spain,9597,9597
GCA_900234075.1,assembly_1,MPI FOR DEVELOPMENTAL BIOLOGY,,,22868,ftp://ftp.ncbi.nlm.nih.gov/genomes/all/GCA/900/234/075/GCA_900234075.1_assembly_1/GCA_900234075.1_assembly_1,12074643,PRJEB23122,,,,,Vim-0,Spain,9598,9598
GCA_900234065.1,assembly_1,MPI FOR DEVELOPMENTAL BIOLOGY,,,12037,ftp://ftp.ncbi.nlm.nih.gov/genomes/all/GCA/900/234/065/GCA_900234065.1_assembly_1/GCA_900234065.1_assembly_1,12074634,PRJEB23122,,,,,Her-12,Spain,9545,9545
GCA_900234055.1,assembly_1,MPI FOR DEVELOPMENTAL BIOLOGY,,,10529,ftp://ftp.ncbi.nlm.nih.gov/genomes/all/GCA/900/234/055/GCA_900234055.1_assembly_1/GCA_900234055.1_assembly_1,12074632,PRJEB23122,,,,,Fun-0,Spain,9542,9542
GCA_900234045.1,assembly_1,MPI FOR DEVELOPMENTAL BIOLOGY,,,11781,ftp://ftp.ncbi.nlm.nih.gov/genomes/all/GCA/900/234/045/GCA_900234045.1_assembly_1/GCA_900234045.1_assembly_1,12074628,PRJEB23122,,,,,Alm-0,Spain,9518,9518
GCA_900234035.1,assembly_1,MPI FOR DEVELOPMENTAL BIOLOGY,,,11110,ftp://ftp.ncbi.nlm.nih.gov/genomes/all/GCA/900/234/035/GCA_900234035.1_assembly_1/GCA_900234035.1_assembly_1,12074640,PRJEB23122,,,,,Scm-0,Spain,9580,9580
GCA_900234005.1,assembly_1,MPI FOR DEVELOPMENTAL BIOLOGY,,,10081,ftp://ftp.ncbi.nlm.nih.gov/genomes/all/GCA/900/234/005/GCA_900234005.1_assembly_1/GCA_900234005.1_assembly_1,12074630,PRJEB23122,,,,,Cor-0,Spain,9536,9536
GCA_900234015.1,assembly_1,MPI FOR DEVELOPMENTAL BIOLOGY,,,9447,ftp://ftp.ncbi.nlm.nih.gov/genomes/all/GCA/900/234/015/GCA_900234015.1_assembly_1/GCA_900234015.1_assembly_1,12074635,PRJEB23122,,,,,Hum-2,Spain,9549,9549
GCA_900234025.1,assembly_1,MPI FOR DEVELOPMENTAL BIOLOGY,,,12892,ftp://ftp.ncbi.nlm.nih.gov/genomes/all/GCA/900/234/025/GCA_900234025.1_assembly_1/GCA_900234025.1_assembly_1,12074641,PRJEB23122,,,,,Sne-0,Spain,9583,9583
GCA_900233995.1,assembly_1,MPI FOR DEVELOPMENTAL BIOLOGY,,,12532,ftp://ftp.ncbi.nlm.nih.gov/genomes/all/GCA/900/233/995/GCA_900233995.1_assembly_1/GCA_900233995.1_assembly_1,12074636,PRJEB23122,,,,,Iso-4,Spain,9550,9550
GCA_900233985.1,assembly_1,MPI FOR DEVELOPMENTAL BIOLOGY,,,12199,ftp://ftp.ncbi.nlm.nih.gov/genomes/all/GCA/900/233/985/GCA_900233985.1_assembly_1/GCA_900233985.1_assembly_1,12074631,PRJEB23122,,,,,Cum-1,Spain,9537,9537
GCA_900233975.1,assembly_1,MPI FOR DEVELOPMENTAL BIOLOGY,,,7556,ftp://ftp.ncbi.nlm.nih.gov/genomes/all/GCA/900/233/975/GCA_900233975.1_assembly_1/GCA_900233975.1_assembly_1,12074638,PRJEB23122,,,,,Mar-1,Spain,9555,9555
GCA_900233965.1,assembly_1,MPI FOR DEVELOPMENTAL BIOLOGY,,,12633,ftp://ftp.ncbi.nlm.nih.gov/genomes/all/GCA/900/233/965/GCA_900233965.1_assembly_1/GCA_900233965.1_assembly_1,12074597,PRJEB23122,,,,,Ty-1,United Kingdom,5784,5784
GCA_900233955.1,assembly_1,MPI FOR DEVELOPMENTAL BIOLOGY,,,7435,ftp://ftp.ncbi.nlm.nih.gov/genomes/all/GCA/900/233/955/GCA_900233955.1_assembly_1/GCA_900233955.1_assembly_1,12074602,PRJEB23122,,,,,Cvi-0,Cape Verde,6911,6911
GCA_900233945.1,assembly_1,MPI FOR DEVELOPMENTAL BIOLOGY,,,8741,ftp://ftp.ncbi.nlm.nih.gov/genomes/all/GCA/900/233/945/GCA_900233945.1_assembly_1/GCA_900233945.1_assembly_1,12074607,PRJEB23122,,,,,Bur-0,Ireland,7058,7058
GCA_900233905.1,assembly_1,MPI FOR DEVELOPMENTAL BIOLOGY,,,11459,ftp://ftp.ncbi.nlm.nih.gov/genomes/all/GCA/900/233/905/GCA_900233905.1_assembly_1/GCA_900233905.1_assembly_1,12074620,PRJEB23122,,,,,Ws-0,Russia,7396,7396
GCA_900233915.1,assembly_1,MPI FOR DEVELOPMENTAL BIOLOGY,,,10667,ftp://ftp.ncbi.nlm.nih.gov/genomes/all/GCA/900/233/915/GCA_900233915.1_assembly_1/GCA_900233915.1_assembly_1,12074611,PRJEB23122,,,,,Hi-0,Netherlands,7167,7167
GCA_900233925.1,assembly_1,MPI FOR DEVELOPMENTAL BIOLOGY,,,8390,ftp://ftp.ncbi.nlm.nih.gov/genomes/all/GCA/900/233/925/GCA_900233925.1_assembly_1/GCA_900233925.1_assembly_1,12074604,PRJEB23122,,,,,Mt-0,Libya,6939,6939
GCA_900233895.1,assembly_1,MPI FOR DEVELOPMENTAL BIOLOGY,,,8903,ftp://ftp.ncbi.nlm.nih.gov/genomes/all/GCA/900/233/895/GCA_900233895.1_assembly_1/GCA_900233895.1_assembly_1,12074609,PRJEB23122,,,,,Ct-1,Italy,7067,7067
GCA_900233885.1,assembly_1,MPI FOR DEVELOPMENTAL BIOLOGY,,,10331,ftp://ftp.ncbi.nlm.nih.gov/genomes/all/GCA/900/233/885/GCA_900233885.1_assembly_1/GCA_900233885.1_assembly_1,12074622,PRJEB23122,,,,,Wu-0,Germany,7415,7415
GCA_900233875.1,assembly_1,MPI FOR DEVELOPMENTAL BIOLOGY,,,11622,ftp://ftp.ncbi.nlm.nih.gov/genomes/all/GCA/900/233/875/GCA_900233875.1_assembly_1/GCA_900233875.1_assembly_1,12074603,PRJEB23122,,,,,HR-5,United Kingdom,6924,6924
GCA_900233865.1,assembly_1,MPI FOR DEVELOPMENTAL BIOLOGY,,,11187,ftp://ftp.ncbi.nlm.nih.gov/genomes/all/GCA/900/233/865/GCA_900233865.1_assembly_1/GCA_900233865.1_assembly_1,12074614,PRJEB23122,,,,,No-0,Germany,7273,7273
GCA_900233855.1,assembly_1,MPI FOR DEVELOPMENTAL BIOLOGY,,,10947,ftp://ftp.ncbi.nlm.nih.gov/genomes/all/GCA/900/233/855/GCA_900233855.1_assembly_1/GCA_900233855.1_assembly_1,12074664,PRJEB23122,,,,,Sha,Afghanistan,10015,10015
GCA_900233835.1,assembly_1,MPI FOR DEVELOPMENTAL BIOLOGY,,,11382,ftp://ftp.ncbi.nlm.nih.gov/genomes/all/GCA/900/233/835/GCA_900233835.1_assembly_1/GCA_900233835.1_assembly_1,12074626,PRJEB23122,,,,,Yeg-8,Armenia,9134,9134
GCA_900233845.1,assembly_1,MPI FOR DEVELOPMENTAL BIOLOGY,,,9154,ftp://ftp.ncbi.nlm.nih.gov/genomes/all/GCA/900/233/845/GCA_900233845.1_assembly_1/GCA_900233845.1_assembly_1,12074616,PRJEB23122,,,,,Po-0,Germany,7308,7308
GCA_900233825.1,assembly_1,MPI FOR DEVELOPMENTAL BIOLOGY,,,11000,ftp://ftp.ncbi.nlm.nih.gov/genomes/all/GCA/900/233/825/GCA_900233825.1_assembly_1/GCA_900233825.1_assembly_1,12074617,PRJEB23122,,,,,Rsch-4,Russia,7322,7322
GCA_900233815.1,assembly_1,MPI FOR DEVELOPMENTAL BIOLOGY,,,9622,ftp://ftp.ncbi.nlm.nih.gov/genomes/all/GCA/900/233/815/GCA_900233815.1_assembly_1/GCA_900233815.1_assembly_1,12074610,PRJEB23122,,,,,Edi-0,United Kingdom,7111,7111
GCA_900233805.1,assembly_1,MPI FOR DEVELOPMENTAL BIOLOGY,,,11170,ftp://ftp.ncbi.nlm.nih.gov/genomes/all/GCA/900/233/805/GCA_900233805.1_assembly_1/GCA_900233805.1_assembly_1,12074623,PRJEB23122,,,,,Yo-0,USA,7416,7416
GCA_900233795.1,assembly_1,MPI FOR DEVELOPMENTAL BIOLOGY,,,12004,ftp://ftp.ncbi.nlm.nih.gov/genomes/all/GCA/900/233/795/GCA_900233795.1_assembly_1/GCA_900233795.1_assembly_1,12074599,PRJEB23122,,,,,Bay-0,Germany,6899,6899
GCA_900233785.1,assembly_1,MPI FOR DEVELOPMENTAL BIOLOGY,,,13433,ftp://ftp.ncbi.nlm.nih.gov/genomes/all/GCA/900/233/785/GCA_900233785.1_assembly_1/GCA_900233785.1_assembly_1,12074596,PRJEB23122,,,,,MNF-Che-2,USA,1925,1925
GCA_900233775.1,assembly_1,MPI FOR DEVELOPMENTAL BIOLOGY,,,13307,ftp://ftp.ncbi.nlm.nih.gov/genomes/all/GCA/900/233/775/GCA_900233775.1_assembly_1/GCA_900233775.1_assembly_1,12074606,PRJEB23122,,,,,Ws-2,Russia,6981,6981
GCA_900233765.1,assembly_1,MPI FOR DEVELOPMENTAL BIOLOGY,,,12034,ftp://ftp.ncbi.nlm.nih.gov/genomes/all/GCA/900/233/765/GCA_900233765.1_assembly_1/GCA_900233765.1_assembly_1,12074615,PRJEB23122,,,,,Oy-0,Norway,7288,7288
GCA_900233745.1,assembly_1,MPI FOR DEVELOPMENTAL BIOLOGY,,,11998,ftp://ftp.ncbi.nlm.nih.gov/genomes/all/GCA/900/233/745/GCA_900233745.1_assembly_1/GCA_900233745.1_assembly_1,12074601,PRJEB23122,,,,,Col-0,USA,6909,6909
GCA_900233755.1,assembly_1,MPI FOR DEVELOPMENTAL BIOLOGY,,,12218,ftp://ftp.ncbi.nlm.nih.gov/genomes/all/GCA/900/233/755/GCA_900233755.1_assembly_1/GCA_900233755.1_assembly_1,12074625,PRJEB23122,,,,,Lag1-2,Georgia,9100,9100
GCA_900233735.1,assembly_1,MPI FOR DEVELOPMENTAL BIOLOGY,,,13902,ftp://ftp.ncbi.nlm.nih.gov/genomes/all/GCA/900/233/735/GCA_900233735.1_assembly_1/GCA_900233735.1_assembly_1,12074594,PRJEB23122,,,,,LDV-18,France,108,108
GCA_900233725.1,assembly_1,MPI FOR DEVELOPMENTAL BIOLOGY,,,12809,ftp://ftp.ncbi.nlm.nih.gov/genomes/all/GCA/900/233/725/GCA_900233725.1_assembly_1/GCA_900233725.1_assembly_1,12074618,PRJEB23122,,,,,Sf-2,Spain,7328,7328
GCA_900233705.1,assembly_1,MPI FOR DEVELOPMENTAL BIOLOGY,,,12946,ftp://ftp.ncbi.nlm.nih.gov/genomes/all/GCA/900/233/705/GCA_900233705.1_assembly_1/GCA_900233705.1_assembly_1,12074608,PRJEB23122,,,,,Kn-0,Lithuania,7186.2,7186.2
GCA_900233715.1,assembly_1,MPI FOR DEVELOPMENTAL BIOLOGY,,,8781,ftp://ftp.ncbi.nlm.nih.gov/genomes/all/GCA/900/233/715/GCA_900233715.1_assembly_1/GCA_900233715.1_assembly_1,12074624,PRJEB23122,,,,,Zu-0,Switzerland,7417,7417
GCA_900233675.1,assembly_1,MPI FOR DEVELOPMENTAL BIOLOGY,,,9223,ftp://ftp.ncbi.nlm.nih.gov/genomes/all/GCA/900/233/675/GCA_900233675.1_assembly_1/GCA_900233675.1_assembly_1,12074619,PRJEB23122,,,,,Tsu-0,Japan,7373,7373
GCA_900233695.1,assembly_1,MPI FOR DEVELOPMENTAL BIOLOGY,,,10940,ftp://ftp.ncbi.nlm.nih.gov/genomes/all/GCA/900/233/695/GCA_900233695.1_assembly_1/GCA_900233695.1_assembly_1,12074598,PRJEB23122,,,,,DraIV 6-22,Czech Republic,5993,5993
GCA_900233665.1,assembly_1,MPI FOR DEVELOPMENTAL BIOLOGY,,,11669,ftp://ftp.ncbi.nlm.nih.gov/genomes/all/GCA/900/233/665/GCA_900233665.1_assembly_1/GCA_900233665.1_assembly_1,12074605,PRJEB23122,,,,,Ull2-5,Sweden,6974,6974
GCA_900233685.1,assembly_1,MPI FOR DEVELOPMENTAL BIOLOGY,,,12815,ftp://ftp.ncbi.nlm.nih.gov/genomes/all/GCA/900/233/685/GCA_900233685.1_assembly_1/GCA_900233685.1_assembly_1,12074600,PRJEB23122,,,,,C24,Portugal,6906,6906
GCA_900233645.1,assembly_1,MPI FOR DEVELOPMENTAL BIOLOGY,,,11330,ftp://ftp.ncbi.nlm.nih.gov/genomes/all/GCA/900/233/645/GCA_900233645.1_assembly_1/GCA_900233645.1_assembly_1,12074613,PRJEB23122,,,,,Ler-0,Germany,7213,7213
GCA_900233655.1,assembly_1,MPI FOR DEVELOPMENTAL BIOLOGY,,,10140,ftp://ftp.ncbi.nlm.nih.gov/genomes/all/GCA/900/233/655/GCA_900233655.1_assembly_1/GCA_900233655.1_assembly_1,12074612,PRJEB23122,,,,,Kn-0,Lithuania,7186.1,7186.1
GCA_900233635.1,assembly_1,MPI FOR DEVELOPMENTAL BIOLOGY,,,11400,ftp://ftp.ncbi.nlm.nih.gov/genomes/all/GCA/900/233/635/GCA_900233635.1_assembly_1/GCA_900233635.1_assembly_1,12074621,PRJEB23122,,,,,Wil-2,Lithuania,7413,7413
GCA_900660825.1,Ath.Ler-0.MPIPZ.v1.0,MAX PLANCK INSTITUTE FOR PLANT BREEDING RESEARCH,,,9412210,ftp://ftp.ncbi.nlm.nih.gov/genomes/all/GCA/900/660/825/GCA_900660825.1_Ath.Ler-0.MPIPZ.v1.0/GCA_900660825.1_Ath.Ler-0.MPIPZ.v1.0,10934675,PRJEB30763,,,,,,,Ath.Ler-0.PacBio,Ath.Ler-0.PacBio
GCA_900303355.1,ONTmin_IT4,MPI FOR DEVELOPMENTAL BIOLOGY,,,12334794,ftp://ftp.ncbi.nlm.nih.gov/genomes/all/GCA/900/303/355/GCA_900303355.1_ONTmin_IT4/GCA_900303355.1_ONTmin_IT4,8638054,PRJEB21270,,,,,,,ONTmin_IT4,ONTmin_IT4
GCA_001753755.2,Athal_Col0Cvi0F1_phased_diploid_1.0,Pacific Biosciences,,,7960654,ftp://ftp.ncbi.nlm.nih.gov/genomes/all/GCA/001/753/755/GCA_001753755.2_Athal_Col0Cvi0F1_phased_diploid_1.0/GCA_001753755.2_Athal_Col0Cvi0F1_phased_diploid_1.0,4539663,PRJNA314706,Col-0 X Cvi-0,,not applicable,,,,,
GCA_001753755.1,Athal_Col0Cvi0F1_phased_diploid_1.0,Pacific Biosciences,,,7363020,,4539663,PRJNA314706,Col-0 X Cvi-0,,not applicable,,,,,
GCA_001651475.1,Ler Assembly,Center for genomic Regulation,,,1193183,ftp://ftp.ncbi.nlm.nih.gov/genomes/all/GCA/001/651/475/GCA_001651475.1_Ler_Assembly/GCA_001651475.1_Ler_Assembly,4457953,PRJNA311266,Landsberg erecta,,Germany,,,,,
GCA_000835945.1,ASM83594v1,Pacific Biosciences,,,11163166,ftp://ftp.ncbi.nlm.nih.gov/genomes/all/GCA/000/835/945/GCA_000835945.1_ASM83594v1/GCA_000835945.1_ASM83594v1,2724977,PRJNA237120,Ler-0,,missing,,,,,
